Geschlecht,Familienstand,Kinder,Beruf,Wohneigentum,Einkommen,Ersparnisse,kreditwuerdig
W,V,1,ungelernt,N,2514,N,N
M,V,0,ungelernt,N,2285,J,N
M,V,1,angelernt,N,3468,N,N
W,V,0,unbekannt,N,2172,N,N
M,W,1,Facharbeiter,J,2101,J,N
M,V,1,angelernt,J,2634,J,N
M,V,0,unbekannt,N,2402,J,N
M,V,2,Facharbeiter,J,2538,J,N
W,W,0,Facharbeiter,N,2818,N,N
W,V,2,angelernt,N,2762,N,N
W,V,0,ungelernt,N,2583,N,N
M,V,0,unbekannt,N,2150,N,N
M,W,1,ungelernt,N,2076,J,N
W,V,1,Facharbeiter,N,2474,N,N
M,V,1,unbekannt,J,2828,N,N
W,V,2,unbekannt,J,2432,N,N
W,V,1,Buerokraft,N,4488,J,N
W,V,0,Manager,J,5880,N,N
W,V,1,Manager,N,3945,N,N
W,V,1,ungelernt,N,2375,N,N
M,V,0,unbekannt,J,2327,N,N
M,L,1,angelernt,J,2485,N,N
M,V,3,angelernt,N,2087,N,N
W,V,2,angelernt,N,2398,N,N
M,V,2,Facharbeiter,N,3577,J,N
M,V,1,unbekannt,N,5451,N,N
W,V,1,angelernt,N,3579,N,N
W,W,0,unbekannt,N,2539,J,N
M,L,1,angelernt,N,2718,N,N
W,V,0,unbekannt,N,2486,N,N
W,V,2,angelernt,N,2379,N,N
M,V,2,Facharbeiter,N,2823,J,N
M,V,1,Facharbeiter,N,2682,N,N
M,W,0,unbekannt,N,2297,N,N
W,W,1,Buerokraft,N,5934,J,N
M,V,2,Facharbeiter,N,5075,N,N
W,V,2,Facharbeiter,J,3681,N,N
M,V,1,Manager,N,3510,N,N
M,V,1,angelernt,J,2742,J,N
M,W,1,unbekannt,N,2970,N,N
M,V,1,Facharbeiter,N,2795,N,N
W,W,0,unbekannt,J,2353,N,N
W,W,1,Facharbeiter,N,2466,J,N
W,V,2,angelernt,N,2146,N,N
M,L,1,Facharbeiter,N,2357,J,N
M,V,0,angelernt,N,2978,J,N
W,L,0,unbekannt,J,2980,J,N
M,V,1,angelernt,N,2441,N,N
M,V,2,angelernt,N,2582,J,N
M,V,2,angelernt,N,2521,N,N
M,V,2,angelernt,N,2041,N,N
W,V,2,Facharbeiter,N,3242,N,N
M,V,1,Buerokraft,N,3845,J,N
M,V,1,Facharbeiter,N,3340,N,N
W,V,2,unbekannt,J,3198,J,N
M,V,0,Facharbeiter,N,3628,J,N
W,V,2,Buerokraft,N,3639,N,N
W,V,1,angelernt,J,3392,J,N
M,V,2,angelernt,N,3368,N,N
W,V,2,Facharbeiter,J,3471,J,N
W,V,2,Facharbeiter,N,3094,J,N
M,V,0,ungelernt,N,2456,J,N
M,L,1,Facharbeiter,N,2519,N,N
M,V,2,angelernt,N,2341,J,N
W,V,0,ungelernt,N,2034,J,N
M,W,1,Manager,J,8189,J,N
M,V,0,unbekannt,J,3504,J,N
W,V,0,unbekannt,J,2795,J,N
W,V,1,unbekannt,J,2933,J,N
W,W,1,unbekannt,N,2434,N,N
M,V,0,Facharbeiter,N,2887,J,N
W,V,3,unbekannt,N,2455,J,N
M,V,0,unbekannt,N,3261,J,N
M,V,2,angelernt,N,3266,N,N
W,W,2,unbekannt,N,2023,J,N
W,V,2,unbekannt,N,2937,J,N
M,V,0,angelernt,J,2225,J,N
M,V,0,unbekannt,N,2111,J,N
M,V,0,unbekannt,N,2611,J,N
W,V,1,Facharbeiter,J,2400,J,N
M,V,2,angelernt,N,2627,J,N
W,V,1,angelernt,J,2584,J,N
W,V,0,unbekannt,J,2518,J,N
W,L,1,Facharbeiter,N,2399,J,N
W,L,0,unbekannt,J,2842,J,N
M,V,2,Facharbeiter,N,2793,J,N
M,L,1,Facharbeiter,J,2229,J,N
W,V,0,Manager,N,8407,J,N
M,W,2,Facharbeiter,N,6720,J,N
M,V,2,Facharbeiter,J,3128,J,N
M,V,2,Manager,N,3944,N,N
M,V,2,angelernt,N,3429,N,N
M,W,1,angelernt,N,2463,J,N
M,W,1,unbekannt,N,2254,J,N
M,L,1,unbekannt,J,2750,J,N
W,V,0,unbekannt,N,2361,J,N
M,W,0,unbekannt,J,2535,J,N
M,V,1,unbekannt,J,2153,J,N
M,V,2,angelernt,J,2632,J,N
W,V,0,unbekannt,N,2032,J,N
M,L,0,unbekannt,J,2131,J,N
M,V,1,Facharbeiter,N,2679,J,N
W,W,1,angelernt,J,2717,J,N
M,V,0,unbekannt,N,2496,J,N
W,V,1,Facharbeiter,N,3559,J,N
W,V,1,Facharbeiter,N,3234,N,N
W,V,2,Facharbeiter,N,3492,J,N
M,V,1,angelernt,N,3460,N,N
M,L,1,unbekannt,N,3036,N,N
W,V,2,angelernt,N,3592,N,N
M,V,1,unbekannt,N,3325,N,N
M,V,1,Facharbeiter,J,3889,J,N
W,V,0,Facharbeiter,N,2967,J,N
M,V,2,Facharbeiter,J,2900,J,N
M,V,1,Facharbeiter,N,2803,N,N
W,L,1,Facharbeiter,N,2098,J,N
W,V,2,angelernt,N,1999,J,N
M,W,1,unbekannt,J,2220,J,N
M,L,0,unbekannt,N,2197,J,N
M,V,1,unbekannt,N,2185,J,N
W,V,1,Facharbeiter,N,3309,J,N
M,V,2,Manager,N,3687,J,N
W,V,1,Facharbeiter,N,3604,N,N
W,V,1,Manager,N,3111,J,N
W,V,1,angelernt,N,2581,N,N
M,W,1,unbekannt,J,2061,J,N
M,V,1,Facharbeiter,N,2306,J,N
W,W,0,unbekannt,N,2195,J,N
W,V,2,angelernt,J,3750,J,N
W,W,0,unbekannt,J,2497,J,N
W,W,1,unbekannt,N,2362,J,N
M,V,0,angelernt,J,2743,J,N
M,W,1,angelernt,J,2758,J,N
M,V,1,unbekannt,J,2837,J,N
M,V,2,unbekannt,J,2764,J,N
W,V,2,angelernt,J,2146,J,N
W,V,0,unbekannt,J,2510,J,N
M,V,1,unbekannt,N,2193,J,N
W,V,2,Facharbeiter,N,5813,J,N
W,V,1,Facharbeiter,N,5268,N,N
W,V,0,unbekannt,N,2648,J,N
M,V,1,Manager,J,2788,J,N
M,V,1,Manager,N,2033,J,N
M,V,1,unbekannt,J,2090,J,N
M,W,1,angelernt,N,2052,J,N
W,V,2,unbekannt,N,2475,J,N
W,L,0,unbekannt,N,2034,J,N
W,W,0,unbekannt,N,2925,J,N
W,L,0,unbekannt,N,2967,J,N
M,V,1,angelernt,N,2260,J,N
W,V,2,Facharbeiter,N,3070,J,N
W,V,2,Facharbeiter,N,2389,J,N
M,V,1,Manager,N,6629,J,N
W,V,2,Buerokraft,N,4809,N,N
W,V,2,Manager,N,4651,J,N
W,V,2,Manager,N,4305,J,N
W,W,1,Buerokraft,N,3692,J,N
M,V,2,Facharbeiter,N,3621,J,N
M,V,2,angelernt,N,2409,J,N
W,V,0,unbekannt,N,2376,J,N
M,L,3,angelernt,J,2351,J,N
W,L,1,unbekannt,J,2748,J,N
W,V,2,Facharbeiter,N,3343,J,N
W,V,2,angelernt,N,2991,J,N
M,V,3,Facharbeiter,N,2113,J,N
W,W,1,unbekannt,N,2025,J,N
M,W,1,Facharbeiter,N,2175,J,N
M,V,2,Facharbeiter,J,2260,J,N
M,V,1,unbekannt,J,2767,J,N
M,V,1,angelernt,J,2320,J,N
M,V,2,unbekannt,J,2254,J,N
W,V,1,unbekannt,N,2440,J,N
W,V,1,unbekannt,N,2162,J,N
W,V,2,unbekannt,J,2882,J,N
W,V,2,angelernt,J,2886,J,N
W,L,1,Manager,N,7234,J,N
W,W,1,unbekannt,N,2799,J,N
W,V,1,Facharbeiter,N,2532,J,N
M,W,1,angelernt,J,2886,J,N
W,V,1,Facharbeiter,J,2504,J,N
M,V,1,unbekannt,J,2724,J,N
W,V,2,unbekannt,J,2681,J,N
W,L,2,Facharbeiter,N,3621,J,N
M,W,1,Facharbeiter,N,2789,J,N
W,V,1,unbekannt,J,3097,J,N
M,V,2,Facharbeiter,N,3105,J,N
M,V,0,unbekannt,J,2650,J,N
M,W,1,Facharbeiter,N,2505,J,N
M,V,2,Lehrer,J,6037,J,N
W,V,1,unbekannt,N,8099,J,N
W,V,0,Buerokraft,J,4114,J,N
W,W,1,unbekannt,N,2441,J,N
W,V,2,angelernt,J,2151,J,N
M,V,1,unbekannt,J,2578,J,N
M,W,1,angelernt,N,2398,J,N
W,V,1,unbekannt,J,2479,J,N
M,V,1,angelernt,N,2796,J,N
M,W,1,Manager,J,3174,J,N
M,L,1,Manager,N,3657,J,N
W,V,3,angelernt,N,2328,J,N
W,V,2,angelernt,N,2801,J,N
M,V,0,ungelernt,N,3383,J,N
M,W,1,angelernt,N,2571,J,N
M,V,1,Facharbeiter,N,3164,J,N
W,L,1,Facharbeiter,N,2789,J,N
M,V,2,Manager,N,7608,J,N
M,V,1,Manager,N,4921,J,N
W,V,1,unbekannt,N,2819,J,N
M,V,2,Facharbeiter,N,2905,J,N
W,V,2,Buerokraft,N,2553,J,N
W,L,1,Manager,N,6985,J,N
W,V,1,unbekannt,N,8242,J,N
W,V,2,Lehrer,N,6244,J,N
W,V,1,angelernt,N,4676,J,N
M,V,2,Lehrer,N,6156,J,N
W,L,1,Facharbeiter,J,2375,J,J
M,V,2,Lehrer,N,6666,J,J
W,V,2,Lehrer,N,2507,J,J
M,V,2,Manager,N,5055,J,J
W,V,2,Lehrer,N,7547,J,J
W,L,1,Manager,N,8819,J,J
M,V,1,Lehrer,N,3459,J,J
W,V,1,Lehrer,N,8682,J,J
M,V,2,Lehrer,N,6267,J,J
W,V,2,Lehrer,N,6965,J,J
W,V,2,Lehrer,N,6976,J,J
W,V,1,Lehrer,N,6466,J,J
M,L,3,Facharbeiter,N,2246,J,J
M,V,2,Lehrer,N,7354,J,J
M,V,2,Lehrer,N,6281,J,J
M,W,1,Lehrer,N,5469,J,J
M,V,1,Manager,N,6916,J,J
M,V,1,Facharbeiter,J,6121,J,J
M,L,1,Manager,N,8833,J,J
W,V,3,Manager,J,7538,J,J
M,V,2,Facharbeiter,N,4099,J,J
W,V,1,Facharbeiter,N,3130,J,J
W,V,2,Lehrer,N,4471,J,J
W,V,0,unbekannt,N,5431,J,J
M,V,2,Facharbeiter,N,3387,J,J
W,V,1,unbekannt,N,7081,J,J
W,W,1,Lehrer,N,3286,J,J
W,V,3,Lehrer,N,7673,J,J
W,V,1,Lehrer,N,4183,J,J
M,V,2,Facharbeiter,N,5346,J,J
M,V,1,Lehrer,N,4453,J,J
W,V,1,Lehrer,N,7708,J,J
W,V,1,Manager,N,8838,J,J
M,V,1,Manager,N,7436,J,J
W,V,2,Lehrer,N,8240,J,J
M,V,1,Manager,N,4145,J,J
M,V,1,Lehrer,N,7009,J,J
M,V,1,Buerokraft,N,8030,J,J
M,V,1,Lehrer,N,7520,J,J
M,V,2,Lehrer,N,5639,J,J
W,V,1,Facharbeiter,N,3116,J,J
M,V,2,Lehrer,N,5568,J,J
M,V,2,Lehrer,N,7600,J,J
W,L,2,Lehrer,N,3139,J,J
M,V,3,Lehrer,N,3776,J,J
M,V,1,unbekannt,N,4419,J,J
W,L,1,Facharbeiter,N,3063,J,J
M,V,2,Lehrer,N,8782,J,J
M,V,1,Lehrer,J,5849,J,J
W,V,1,Manager,N,8098,J,J
M,V,1,Facharbeiter,N,7138,J,J
M,V,1,Lehrer,N,7101,J,J
W,V,2,Lehrer,N,6146,J,J
W,V,1,Buerokraft,N,9005,J,J
W,V,2,Lehrer,N,6419,J,J
W,V,2,Lehrer,N,8113,J,J
W,V,1,Facharbeiter,N,7577,J,J
W,V,1,Manager,N,6758,J,J
M,L,1,Lehrer,N,5191,J,J
W,V,2,Lehrer,N,5435,J,J
M,V,2,Lehrer,N,3991,J,J
M,V,1,Lehrer,J,5867,J,J
M,V,2,Manager,N,5978,J,J
W,V,1,angelernt,N,2779,J,J
M,V,1,Manager,N,6293,J,J
M,V,2,Lehrer,N,5768,J,J
M,V,2,Lehrer,N,6786,J,J
W,V,1,Facharbeiter,N,7467,J,J
M,V,2,Manager,N,6909,J,J
W,W,1,Facharbeiter,N,3392,J,J
M,V,2,angelernt,N,2358,J,J
M,V,2,Facharbeiter,N,3163,J,J
W,V,2,Buerokraft,N,3440,J,J
M,V,2,unbekannt,N,7352,J,J
W,V,2,Lehrer,N,3159,J,J
W,W,0,unbekannt,J,6599,J,J
W,V,2,Lehrer,N,7185,J,J
W,V,2,Lehrer,N,6090,J,J
M,V,0,unbekannt,N,6014,J,J
M,V,2,Manager,N,8091,J,J
W,V,1,Lehrer,N,7621,J,J
W,V,1,Lehrer,J,7451,J,J
M,V,2,Lehrer,N,5204,J,J
M,V,2,Facharbeiter,N,4097,J,J
M,L,1,Manager,N,5370,J,J
W,V,1,unbekannt,N,3971,J,J
M,L,1,Facharbeiter,N,3489,J,J
W,V,1,unbekannt,N,2264,J,J
M,V,2,Facharbeiter,N,6142,J,J
W,V,2,Manager,N,7179,J,J
W,V,2,Facharbeiter,N,3339,J,J
W,V,1,Buerokraft,N,6382,J,J
M,V,1,Lehrer,N,8306,J,J
W,V,1,Manager,N,8038,J,J
M,V,2,Lehrer,N,7971,J,J
W,V,2,Facharbeiter,N,7894,J,J
M,V,1,Manager,N,5791,J,J
M,V,1,Manager,N,7562,J,J
M,V,2,Lehrer,N,8395,J,J
M,V,1,Lehrer,N,6637,J,J
M,V,2,Lehrer,N,4458,J,J
M,V,0,Facharbeiter,N,3801,J,J
M,W,0,angelernt,J,2024,J,J
W,V,1,Lehrer,N,7616,J,J
M,V,2,Lehrer,N,7191,J,J
M,V,2,Lehrer,N,6765,J,J
W,V,2,Lehrer,N,5592,J,J
M,V,2,Facharbeiter,N,8352,J,J
M,L,1,Lehrer,N,8491,J,J
W,L,1,Facharbeiter,N,5765,J,J
W,V,2,Facharbeiter,N,4049,J,J
M,V,2,Lehrer,N,7718,J,J
M,V,1,Lehrer,J,7270,J,J
W,V,1,unbekannt,N,7590,J,J
M,V,2,Lehrer,N,6630,J,J
W,V,1,Lehrer,N,8677,J,J
W,L,1,unbekannt,N,7991,J,J
W,V,1,Lehrer,N,7471,J,J
M,V,1,Manager,N,6711,J,J
W,V,2,Lehrer,N,6479,J,J
M,V,2,Facharbeiter,N,6561,J,J
W,V,1,Lehrer,N,5101,J,J
W,V,3,Lehrer,N,5394,J,J
W,V,2,Facharbeiter,N,3185,J,J
W,V,2,Facharbeiter,N,4026,J,J
W,V,2,Manager,N,3309,J,J
W,V,1,Lehrer,N,3504,J,J
M,V,1,Facharbeiter,N,3610,J,J
M,V,2,angelernt,N,3817,J,J
W,V,1,Lehrer,N,3067,J,J
W,V,1,Facharbeiter,N,2034,J,J
M,V,2,Lehrer,N,2128,J,J
M,W,1,unbekannt,N,2305,J,J
W,L,1,Facharbeiter,N,3025,J,J
M,V,2,Lehrer,N,3659,J,J
W,V,1,Lehrer,N,8673,J,J
M,V,2,Lehrer,N,4339,J,J
W,V,2,Lehrer,N,5865,J,J
W,V,1,Facharbeiter,N,7353,J,J
M,V,2,Lehrer,N,6770,J,J
W,V,1,Manager,N,6081,J,J
M,V,1,Manager,N,7659,J,J
W,V,2,Facharbeiter,N,6776,J,J
M,V,2,Manager,N,6932,J,J
W,V,2,Facharbeiter,N,7105,J,J
M,V,1,Facharbeiter,N,7261,J,J
M,V,3,unbekannt,N,6691,J,J
M,V,2,Lehrer,N,7232,J,J
W,V,2,Facharbeiter,J,4319,J,J
M,V,1,Lehrer,N,3709,J,J
W,V,1,Lehrer,N,3457,J,J
M,V,1,Lehrer,N,3086,J,J
W,V,2,Lehrer,N,3501,J,J
W,V,1,unbekannt,N,3086,J,J
M,V,0,unbekannt,N,2895,J,J
M,V,2,angelernt,N,2531,J,J
M,L,2,Lehrer,N,8478,J,J
M,V,1,Lehrer,N,5586,J,J
M,V,2,Lehrer,N,5543,J,J
W,V,2,angelernt,N,3231,J,J
W,L,1,Facharbeiter,N,3436,J,J
W,V,1,Facharbeiter,N,6743,J,J
W,V,1,unbekannt,N,5641,J,J
M,V,1,unbekannt,N,5669,J,J
M,V,2,unbekannt,N,3547,J,J
M,V,1,Lehrer,N,8431,J,J
W,L,1,unbekannt,N,3840,J,J
W,V,2,Lehrer,N,3216,J,J
M,V,2,Manager,N,3520,J,J
M,V,2,Lehrer,N,7654,J,J
M,V,2,Lehrer,J,8235,J,J
W,V,1,Lehrer,N,8832,J,J
W,V,1,Lehrer,N,7558,J,J
W,V,1,Manager,N,6269,J,J
M,V,2,Lehrer,N,7193,J,J
W,V,1,Buerokraft,N,6567,J,J
M,V,2,Lehrer,N,6241,J,J
M,V,2,Facharbeiter,N,4354,J,J
M,V,2,Manager,N,5195,J,J
M,L,1,Facharbeiter,N,5768,J,J
W,V,1,unbekannt,N,5547,J,J
W,V,2,angelernt,N,5481,J,J
M,V,1,Lehrer,N,3706,J,J
M,W,1,angelernt,N,3695,J,J
M,V,1,unbekannt,N,3240,J,J
W,V,1,Facharbeiter,N,3380,J,J
M,V,1,Facharbeiter,N,3663,J,J
W,V,2,Facharbeiter,N,3187,J,J
M,V,1,Facharbeiter,N,3649,J,J
W,V,1,ungelernt,N,2501,N,N
M,V,0,ungelernt,N,2245,J,N
M,V,1,angelernt,N,3428,N,N
W,V,0,unbekannt,N,2199,N,N
M,W,1,Facharbeiter,J,2101,J,N
M,V,1,angelernt,J,2594,J,N
M,V,0,unbekannt,N,2402,J,N
M,V,2,Facharbeiter,J,2538,J,N
W,W,0,Facharbeiter,N,2845,N,N
W,V,2,angelernt,N,2749,N,N
W,V,0,ungelernt,N,2570,N,N
M,V,0,unbekannt,N,2150,N,N
M,W,1,ungelernt,N,2036,J,N
W,V,1,Facharbeiter,N,2501,N,N
M,V,1,unbekannt,J,2828,N,N
W,V,2,unbekannt,J,2459,N,N
W,V,1,Buerokraft,N,4515,J,N
W,V,0,Manager,J,5907,N,N
W,V,1,Manager,N,3972,N,N
W,V,1,ungelernt,N,2362,N,N
M,V,0,unbekannt,J,2327,N,N
M,L,1,angelernt,J,2445,N,N
M,V,3,angelernt,N,2047,N,N
W,V,2,angelernt,N,2385,N,N
M,V,2,Facharbeiter,N,3577,J,N
M,V,1,unbekannt,N,5451,N,N
W,V,1,angelernt,N,3566,N,N
W,W,0,unbekannt,N,2566,J,N
M,L,1,angelernt,N,2678,N,N
W,V,0,unbekannt,N,2513,N,N
W,V,2,angelernt,N,2366,N,N
M,V,2,Facharbeiter,N,2823,J,N
M,V,1,Facharbeiter,N,2682,N,N
M,W,0,unbekannt,N,2297,N,N
W,W,1,Buerokraft,N,5961,J,N
M,V,2,Facharbeiter,N,5075,N,N
W,V,2,Facharbeiter,J,3708,N,N
M,V,1,Manager,N,3510,N,N
M,V,1,angelernt,J,2702,J,N
M,W,1,unbekannt,N,2970,N,N
M,V,1,Facharbeiter,N,2795,N,N
W,W,0,unbekannt,J,2380,N,N
W,W,1,Facharbeiter,N,2493,J,N
W,V,2,angelernt,N,2133,N,N
M,L,1,Facharbeiter,N,2357,J,N
M,V,0,angelernt,N,2938,J,N
W,L,0,unbekannt,J,3007,J,N
M,V,1,angelernt,N,2401,N,N
M,V,2,angelernt,N,2542,J,N
M,V,2,angelernt,N,2481,N,N
M,V,2,angelernt,N,2001,N,N
W,V,2,Facharbeiter,N,3269,N,N
M,V,1,Buerokraft,N,3845,J,N
M,V,1,Facharbeiter,N,3340,N,N
W,V,2,unbekannt,J,3225,J,N
M,V,0,Facharbeiter,N,3628,J,N
W,V,2,Buerokraft,N,3666,N,N
W,V,1,angelernt,J,3379,J,N
M,V,2,angelernt,N,3328,N,N
W,V,2,Facharbeiter,J,3498,J,N
W,V,2,Facharbeiter,N,3121,J,N
M,V,0,ungelernt,N,2416,J,N
M,L,1,Facharbeiter,N,2519,N,N
M,V,2,angelernt,N,2301,J,N
W,V,0,ungelernt,N,2021,J,N
M,W,1,Manager,J,8189,J,N
M,V,0,unbekannt,J,3504,J,N
W,V,0,unbekannt,J,2822,J,N
W,V,1,unbekannt,J,2960,J,N
W,W,1,unbekannt,N,2461,N,N
M,V,0,Facharbeiter,N,2887,J,N
W,V,3,unbekannt,N,2482,J,N
M,V,0,unbekannt,N,3261,J,N
M,V,2,angelernt,N,3226,N,N
W,W,2,unbekannt,N,2050,J,N
W,V,2,unbekannt,N,2964,J,N
M,V,0,angelernt,J,2185,J,N
M,V,0,unbekannt,N,2111,J,N
M,V,0,unbekannt,N,2611,J,N
W,V,1,Facharbeiter,J,2427,J,N
M,V,2,angelernt,N,2587,J,N
W,V,1,angelernt,J,2571,J,N
W,V,0,unbekannt,J,2545,J,N
W,L,1,Facharbeiter,N,2426,J,N
W,L,0,unbekannt,J,2869,J,N
M,V,2,Facharbeiter,N,2793,J,N
M,L,1,Facharbeiter,J,2229,J,N
W,V,0,Manager,N,8434,J,N
M,W,2,Facharbeiter,N,6720,J,N
M,V,2,Facharbeiter,J,3128,J,N
M,V,2,Manager,N,3944,N,N
M,V,2,angelernt,N,3389,N,N
M,W,1,angelernt,N,2423,J,N
M,W,1,unbekannt,N,2254,J,N
M,L,1,unbekannt,J,2750,J,N
W,V,0,unbekannt,N,2388,J,N
M,W,0,unbekannt,J,2535,J,N
M,V,1,unbekannt,J,2153,J,N
M,V,2,angelernt,J,2592,J,N
W,V,0,unbekannt,N,2059,J,N
M,L,0,unbekannt,J,2131,J,N
M,V,1,Facharbeiter,N,2679,J,N
W,W,1,angelernt,J,2704,J,N
M,V,0,unbekannt,N,2496,J,N
W,V,1,Facharbeiter,N,3586,J,N
W,V,1,Facharbeiter,N,3261,N,N
W,V,2,Facharbeiter,N,3519,J,N
M,V,1,angelernt,N,3420,N,N
M,L,1,unbekannt,N,3036,N,N
W,V,2,angelernt,N,3579,N,N
M,V,1,unbekannt,N,3325,N,N
M,V,1,Facharbeiter,J,3889,J,N
W,V,0,Facharbeiter,N,2994,J,N
M,V,2,Facharbeiter,J,2900,J,N
M,V,1,Facharbeiter,N,2803,N,N
W,L,1,Facharbeiter,N,2125,J,N
W,V,2,angelernt,N,1986,J,N
M,W,1,unbekannt,J,2220,J,N
M,L,0,unbekannt,N,2197,J,N
M,V,1,unbekannt,N,2185,J,N
W,V,1,Facharbeiter,N,3336,J,N
M,V,2,Manager,N,3687,J,N
W,V,1,Facharbeiter,N,3631,N,N
W,V,1,Manager,N,3138,J,N
W,V,1,angelernt,N,2568,N,N
M,W,1,unbekannt,J,2061,J,N
M,V,1,Facharbeiter,N,2306,J,N
W,W,0,unbekannt,N,2222,J,N
W,V,2,angelernt,J,3737,J,N
W,W,0,unbekannt,J,2524,J,N
W,W,1,unbekannt,N,2389,J,N
M,V,0,angelernt,J,2703,J,N
M,W,1,angelernt,J,2718,J,N
M,V,1,unbekannt,J,2837,J,N
M,V,2,unbekannt,J,2764,J,N
W,V,2,angelernt,J,2133,J,N
W,V,0,unbekannt,J,2537,J,N
M,V,1,unbekannt,N,2193,J,N
W,V,2,Facharbeiter,N,5840,J,N
W,V,1,Facharbeiter,N,5295,N,N
W,V,0,unbekannt,N,2675,J,N
M,V,1,Manager,J,2788,J,N
M,V,1,Manager,N,2033,J,N
M,V,1,unbekannt,J,2090,J,N
M,W,1,angelernt,N,2012,J,N
W,V,2,unbekannt,N,2502,J,N
W,L,0,unbekannt,N,2061,J,N
W,W,0,unbekannt,N,2952,J,N
W,L,0,unbekannt,N,2994,J,N
M,V,1,angelernt,N,2220,J,N
W,V,2,Facharbeiter,N,3097,J,N
W,V,2,Facharbeiter,N,2416,J,N
M,V,1,Manager,N,6629,J,N
W,V,2,Buerokraft,N,4836,N,N
W,V,2,Manager,N,4678,J,N
W,V,2,Manager,N,4332,J,N
W,W,1,Buerokraft,N,3719,J,N
M,V,2,Facharbeiter,N,3621,J,N
M,V,2,angelernt,N,2369,J,N
W,V,0,unbekannt,N,2403,J,N
M,L,3,angelernt,J,2311,J,N
W,L,1,unbekannt,J,2775,J,N
W,V,2,Facharbeiter,N,3370,J,N
W,V,2,angelernt,N,2978,J,N
M,V,3,Facharbeiter,N,2113,J,N
W,W,1,unbekannt,N,2052,J,N
M,W,1,Facharbeiter,N,2175,J,N
M,V,2,Facharbeiter,J,2260,J,N
M,V,1,unbekannt,J,2767,J,N
M,V,1,angelernt,J,2280,J,N
M,V,2,unbekannt,J,2254,J,N
W,V,1,unbekannt,N,2467,J,N
W,V,1,unbekannt,N,2189,J,N
W,V,2,unbekannt,J,2909,J,N
W,V,2,angelernt,J,2873,J,N
W,L,1,Manager,N,7261,J,N
W,W,1,unbekannt,N,2826,J,N
W,V,1,Facharbeiter,N,2559,J,N
M,W,1,angelernt,J,2846,J,N
W,V,1,Facharbeiter,J,2531,J,N
M,V,1,unbekannt,J,2724,J,N
W,V,2,unbekannt,J,2708,J,N
W,L,2,Facharbeiter,N,3648,J,N
M,W,1,Facharbeiter,N,2789,J,N
W,V,1,unbekannt,J,3124,J,N
M,V,2,Facharbeiter,N,3105,J,N
M,V,0,unbekannt,J,2650,J,N
M,W,1,Facharbeiter,N,2505,J,N
M,V,2,Lehrer,J,6037,J,N
W,V,1,unbekannt,N,8126,J,N
W,V,0,Buerokraft,J,4141,J,N
W,W,1,unbekannt,N,2468,J,N
W,V,2,angelernt,J,2138,J,N
M,V,1,unbekannt,J,2578,J,N
M,W,1,angelernt,N,2358,J,N
W,V,1,unbekannt,J,2506,J,N
M,V,1,angelernt,N,2756,J,N
M,W,1,Manager,J,3174,J,N
M,L,1,Manager,N,3657,J,N
W,V,3,angelernt,N,2315,J,N
W,V,2,angelernt,N,2788,J,N
M,V,0,ungelernt,N,3343,J,N
M,W,1,angelernt,N,2531,J,N
M,V,1,Facharbeiter,N,3164,J,N
W,L,1,Facharbeiter,N,2816,J,N
M,V,2,Manager,N,7608,J,N
M,V,1,Manager,N,4921,J,N
W,V,1,unbekannt,N,2846,J,N
M,V,2,Facharbeiter,N,2905,J,N
W,V,2,Buerokraft,N,2580,J,N
W,L,1,Manager,N,7012,J,N
W,V,1,unbekannt,N,8269,J,N
W,V,2,Lehrer,N,6271,J,N
W,V,1,angelernt,N,4663,J,N
M,V,2,Lehrer,N,6156,J,N
W,L,1,Facharbeiter,J,2402,J,J
M,V,2,Lehrer,N,6666,J,J
W,V,2,Lehrer,N,2534,J,J
M,V,2,Manager,N,5055,J,J
W,V,2,Lehrer,N,7574,J,J
W,L,1,Manager,N,8846,J,J
M,V,1,Lehrer,N,3459,J,J
W,V,1,Lehrer,N,8709,J,J
M,V,2,Lehrer,N,6267,J,J
W,V,2,Lehrer,N,6992,J,J
W,V,2,Lehrer,N,7003,J,J
W,V,1,Lehrer,N,6493,J,J
M,L,3,Facharbeiter,N,2246,J,J
M,V,2,Lehrer,N,7354,J,J
M,V,2,Lehrer,N,6281,J,J
M,W,1,Lehrer,N,5469,J,J
M,V,1,Manager,N,6916,J,J
M,V,1,Facharbeiter,J,6121,J,J
M,L,1,Manager,N,8833,J,J
W,V,3,Manager,J,7565,J,J
M,V,2,Facharbeiter,N,4099,J,J
W,V,1,Facharbeiter,N,3157,J,J
W,V,2,Lehrer,N,4498,J,J
W,V,0,unbekannt,N,5458,J,J
M,V,2,Facharbeiter,N,3387,J,J
W,V,1,unbekannt,N,7108,J,J
W,W,1,Lehrer,N,3313,J,J
W,V,3,Lehrer,N,7700,J,J
W,V,1,Lehrer,N,4210,J,J
M,V,2,Facharbeiter,N,5346,J,J
M,V,1,Lehrer,N,4453,J,J
W,V,1,Lehrer,N,7735,J,J
W,V,1,Manager,N,8865,J,J
M,V,1,Manager,N,7436,J,J
W,V,2,Lehrer,N,8267,J,J
M,V,1,Manager,N,4145,J,J
M,V,1,Lehrer,N,7009,J,J
M,V,1,Buerokraft,N,8030,J,J
M,V,1,Lehrer,N,7520,J,J
M,V,2,Lehrer,N,5639,J,J
W,V,1,Facharbeiter,N,3143,J,J
M,V,2,Lehrer,N,5568,J,J
M,V,2,Lehrer,N,7600,J,J
W,L,2,Lehrer,N,3166,J,J
M,V,3,Lehrer,N,3776,J,J
M,V,1,unbekannt,N,4419,J,J
W,L,1,Facharbeiter,N,3090,J,J
M,V,2,Lehrer,N,8782,J,J
M,V,1,Lehrer,J,5849,J,J
W,V,1,Manager,N,8125,J,J
M,V,1,Facharbeiter,N,7138,J,J
M,V,1,Lehrer,N,7101,J,J
W,V,2,Lehrer,N,6173,J,J
W,V,1,Buerokraft,N,9032,J,J
W,V,2,Lehrer,N,6446,J,J
W,V,2,Lehrer,N,8140,J,J
W,V,1,Facharbeiter,N,7604,J,J
W,V,1,Manager,N,6785,J,J
M,L,1,Lehrer,N,5191,J,J
W,V,2,Lehrer,N,5462,J,J
M,V,2,Lehrer,N,3991,J,J
M,V,1,Lehrer,J,5867,J,J
M,V,2,Manager,N,5978,J,J
W,V,1,angelernt,N,2766,J,J
M,V,1,Manager,N,6293,J,J
M,V,2,Lehrer,N,5768,J,J
M,V,2,Lehrer,N,6786,J,J
W,V,1,Facharbeiter,N,7494,J,J
M,V,2,Manager,N,6909,J,J
W,W,1,Facharbeiter,N,3419,J,J
M,V,2,angelernt,N,2318,J,J
M,V,2,Facharbeiter,N,3163,J,J
W,V,2,Buerokraft,N,3467,J,J
M,V,2,unbekannt,N,7352,J,J
W,V,2,Lehrer,N,3186,J,J
W,W,0,unbekannt,J,6626,J,J
W,V,2,Lehrer,N,7212,J,J
W,V,2,Lehrer,N,6117,J,J
M,V,0,unbekannt,N,6014,J,J
M,V,2,Manager,N,8091,J,J
W,V,1,Lehrer,N,7648,J,J
W,V,1,Lehrer,J,7478,J,J
M,V,2,Lehrer,N,5204,J,J
M,V,2,Facharbeiter,N,4097,J,J
M,L,1,Manager,N,5370,J,J
W,V,1,unbekannt,N,3998,J,J
M,L,1,Facharbeiter,N,3489,J,J
W,V,1,unbekannt,N,2291,J,J
M,V,2,Facharbeiter,N,6142,J,J
W,V,2,Manager,N,7206,J,J
W,V,2,Facharbeiter,N,3366,J,J
W,V,1,Buerokraft,N,6409,J,J
M,V,1,Lehrer,N,8306,J,J
W,V,1,Manager,N,8065,J,J
M,V,2,Lehrer,N,7971,J,J
W,V,2,Facharbeiter,N,7921,J,J
M,V,1,Manager,N,5791,J,J
M,V,1,Manager,N,7562,J,J
M,V,2,Lehrer,N,8395,J,J
M,V,1,Lehrer,N,6637,J,J
M,V,2,Lehrer,N,4458,J,J
M,V,0,Facharbeiter,N,3801,J,J
M,W,0,angelernt,J,1984,J,J
W,V,1,Lehrer,N,7643,J,J
M,V,2,Lehrer,N,7191,J,J
M,V,2,Lehrer,N,6765,J,J
W,V,2,Lehrer,N,5619,J,J
M,V,2,Facharbeiter,N,8352,J,J
M,L,1,Lehrer,N,8491,J,J
W,L,1,Facharbeiter,N,5792,J,J
W,V,2,Facharbeiter,N,4076,J,J
M,V,2,Lehrer,N,7718,J,J
M,V,1,Lehrer,J,7270,J,J
W,V,1,unbekannt,N,7617,J,J
M,V,2,Lehrer,N,6630,J,J
W,V,1,Lehrer,N,8704,J,J
W,L,1,unbekannt,N,8018,J,J
W,V,1,Lehrer,N,7498,J,J
M,V,1,Manager,N,6711,J,J
W,V,2,Lehrer,N,6506,J,J
M,V,2,Facharbeiter,N,6561,J,J
W,V,1,Lehrer,N,5128,J,J
W,V,3,Lehrer,N,5421,J,J
W,V,2,Facharbeiter,N,3212,J,J
W,V,2,Facharbeiter,N,4053,J,J
W,V,2,Manager,N,3336,J,J
W,V,1,Lehrer,N,3531,J,J
M,V,1,Facharbeiter,N,3610,J,J
M,V,2,angelernt,N,3777,J,J
W,V,1,Lehrer,N,3094,J,J
W,V,1,Facharbeiter,N,2061,J,J
M,V,2,Lehrer,N,2128,J,J
M,W,1,unbekannt,N,2305,J,J
W,L,1,Facharbeiter,N,3052,J,J
M,V,2,Lehrer,N,3659,J,J
W,V,1,Lehrer,N,8700,J,J
M,V,2,Lehrer,N,4339,J,J
W,V,2,Lehrer,N,5892,J,J
W,V,1,Facharbeiter,N,7380,J,J
M,V,2,Lehrer,N,6770,J,J
W,V,1,Manager,N,6108,J,J
M,V,1,Manager,N,7659,J,J
W,V,2,Facharbeiter,N,6803,J,J
M,V,2,Manager,N,6932,J,J
W,V,2,Facharbeiter,N,7132,J,J
M,V,1,Facharbeiter,N,7261,J,J
M,V,3,unbekannt,N,6691,J,J
M,V,2,Lehrer,N,7232,J,J
W,V,2,Facharbeiter,J,4346,J,J
M,V,1,Lehrer,N,3709,J,J
W,V,1,Lehrer,N,3484,J,J
M,V,1,Lehrer,N,3086,J,J
W,V,2,Lehrer,N,3528,J,J
W,V,1,unbekannt,N,3113,J,J
M,V,0,unbekannt,N,2895,J,J
M,V,2,angelernt,N,2491,J,J
M,L,2,Lehrer,N,8478,J,J
M,V,1,Lehrer,N,5586,J,J
M,V,2,Lehrer,N,5543,J,J
W,V,2,angelernt,N,3218,J,J
W,L,1,Facharbeiter,N,3463,J,J
W,V,1,Facharbeiter,N,6770,J,J
W,V,1,unbekannt,N,5668,J,J
M,V,1,unbekannt,N,5669,J,J
M,V,2,unbekannt,N,3547,J,J
M,V,1,Lehrer,N,8431,J,J
W,L,1,unbekannt,N,3867,J,J
W,V,2,Lehrer,N,3243,J,J
M,V,2,Manager,N,3520,J,J
M,V,2,Lehrer,N,7654,J,J
M,V,2,Lehrer,J,8235,J,J
W,V,1,Lehrer,N,8859,J,J
W,V,1,Lehrer,N,7585,J,J
W,V,1,Manager,N,6296,J,J
M,V,2,Lehrer,N,7193,J,J
W,V,1,Buerokraft,N,6594,J,J
M,V,2,Lehrer,N,6241,J,J
M,V,2,Facharbeiter,N,4354,J,J
M,V,2,Manager,N,5195,J,J
M,L,1,Facharbeiter,N,5768,J,J
W,V,1,unbekannt,N,5574,J,J
W,V,2,angelernt,N,5468,J,J
M,V,1,Lehrer,N,3706,J,J
M,W,1,angelernt,N,3655,J,J
M,V,1,unbekannt,N,3240,J,J
W,V,1,Facharbeiter,N,3407,J,J
M,V,1,Facharbeiter,N,3663,J,J
W,V,2,Facharbeiter,N,3214,J,J
M,V,1,Facharbeiter,N,3649,J,J
W,V,1,ungelernt,N,2526,N,N
M,V,0,ungelernt,N,2270,J,N
M,V,1,angelernt,N,3453,N,N
W,V,0,unbekannt,N,2184,N,N
M,W,1,Facharbeiter,J,2086,J,N
M,V,1,angelernt,J,2619,J,N
M,V,0,unbekannt,N,2387,J,N
M,V,2,Facharbeiter,J,2523,J,N
W,W,0,Facharbeiter,N,2830,N,N
W,V,2,angelernt,N,2774,N,N
W,V,0,ungelernt,N,2595,N,N
M,V,0,unbekannt,N,2135,N,N
M,W,1,ungelernt,N,2061,J,N
W,V,1,Facharbeiter,N,2486,N,N
M,V,1,unbekannt,J,2813,N,N
W,V,2,unbekannt,J,2444,N,N
W,V,1,Buerokraft,N,4500,J,N
W,V,0,Manager,J,5892,N,N
W,V,1,Manager,N,3957,N,N
W,V,1,ungelernt,N,2387,N,N
M,V,0,unbekannt,J,2312,N,N
M,L,1,angelernt,J,2470,N,N
M,V,3,angelernt,N,2072,N,N
W,V,2,angelernt,N,2410,N,N
M,V,2,Facharbeiter,N,3562,J,N
M,V,1,unbekannt,N,5436,N,N
W,V,1,angelernt,N,3591,N,N
W,W,0,unbekannt,N,2551,J,N
M,L,1,angelernt,N,2703,N,N
W,V,0,unbekannt,N,2498,N,N
W,V,2,angelernt,N,2391,N,N
M,V,2,Facharbeiter,N,2808,J,N
M,V,1,Facharbeiter,N,2667,N,N
M,W,0,unbekannt,N,2282,N,N
W,W,1,Buerokraft,N,5946,J,N
M,V,2,Facharbeiter,N,5060,N,N
W,V,2,Facharbeiter,J,3693,N,N
M,V,1,Manager,N,3495,N,N
M,V,1,angelernt,J,2727,J,N
M,W,1,unbekannt,N,2955,N,N
M,V,1,Facharbeiter,N,2780,N,N
W,W,0,unbekannt,J,2365,N,N
W,W,1,Facharbeiter,N,2478,J,N
W,V,2,angelernt,N,2158,N,N
M,L,1,Facharbeiter,N,2342,J,N
M,V,0,angelernt,N,2963,J,N
W,L,0,unbekannt,J,2992,J,N
M,V,1,angelernt,N,2426,N,N
M,V,2,angelernt,N,2567,J,N
M,V,2,angelernt,N,2506,N,N
M,V,2,angelernt,N,2026,N,N
W,V,2,Facharbeiter,N,3254,N,N
M,V,1,Buerokraft,N,3830,J,N
M,V,1,Facharbeiter,N,3325,N,N
W,V,2,unbekannt,J,3210,J,N
M,V,0,Facharbeiter,N,3613,J,N
W,V,2,Buerokraft,N,3651,N,N
W,V,1,angelernt,J,3404,J,N
M,V,2,angelernt,N,3353,N,N
W,V,2,Facharbeiter,J,3483,J,N
W,V,2,Facharbeiter,N,3106,J,N
M,V,0,ungelernt,N,2441,J,N
M,L,1,Facharbeiter,N,2504,N,N
M,V,2,angelernt,N,2326,J,N
W,V,0,ungelernt,N,2046,J,N
M,W,1,Manager,J,8174,J,N
M,V,0,unbekannt,J,3489,J,N
W,V,0,unbekannt,J,2807,J,N
W,V,1,unbekannt,J,2945,J,N
W,W,1,unbekannt,N,2446,N,N
M,V,0,Facharbeiter,N,2872,J,N
W,V,3,unbekannt,N,2467,J,N
M,V,0,unbekannt,N,3246,J,N
M,V,2,angelernt,N,3251,N,N
W,W,2,unbekannt,N,2035,J,N
W,V,2,unbekannt,N,2949,J,N
M,V,0,angelernt,J,2210,J,N
M,V,0,unbekannt,N,2096,J,N
M,V,0,unbekannt,N,2596,J,N
W,V,1,Facharbeiter,J,2412,J,N
M,V,2,angelernt,N,2612,J,N
W,V,1,angelernt,J,2596,J,N
W,V,0,unbekannt,J,2530,J,N
W,L,1,Facharbeiter,N,2411,J,N
W,L,0,unbekannt,J,2854,J,N
M,V,2,Facharbeiter,N,2778,J,N
M,L,1,Facharbeiter,J,2214,J,N
W,V,0,Manager,N,8419,J,N
M,W,2,Facharbeiter,N,6705,J,N
M,V,2,Facharbeiter,J,3113,J,N
M,V,2,Manager,N,3929,N,N
M,V,2,angelernt,N,3414,N,N
M,W,1,angelernt,N,2448,J,N
M,W,1,unbekannt,N,2239,J,N
M,L,1,unbekannt,J,2735,J,N
W,V,0,unbekannt,N,2373,J,N
M,W,0,unbekannt,J,2520,J,N
M,V,1,unbekannt,J,2138,J,N
M,V,2,angelernt,J,2617,J,N
W,V,0,unbekannt,N,2044,J,N
M,L,0,unbekannt,J,2116,J,N
M,V,1,Facharbeiter,N,2664,J,N
W,W,1,angelernt,J,2729,J,N
M,V,0,unbekannt,N,2481,J,N
W,V,1,Facharbeiter,N,3571,J,N
W,V,1,Facharbeiter,N,3246,N,N
W,V,2,Facharbeiter,N,3504,J,N
M,V,1,angelernt,N,3445,N,N
M,L,1,unbekannt,N,3021,N,N
W,V,2,angelernt,N,3604,N,N
M,V,1,unbekannt,N,3310,N,N
M,V,1,Facharbeiter,J,3874,J,N
W,V,0,Facharbeiter,N,2979,J,N
M,V,2,Facharbeiter,J,2885,J,N
M,V,1,Facharbeiter,N,2788,N,N
W,L,1,Facharbeiter,N,2110,J,N
W,V,2,angelernt,N,2011,J,N
M,W,1,unbekannt,J,2205,J,N
M,L,0,unbekannt,N,2182,J,N
M,V,1,unbekannt,N,2170,J,N
W,V,1,Facharbeiter,N,3321,J,N
M,V,2,Manager,N,3672,J,N
W,V,1,Facharbeiter,N,3616,N,N
W,V,1,Manager,N,3123,J,N
W,V,1,angelernt,N,2593,N,N
M,W,1,unbekannt,J,2046,J,N
M,V,1,Facharbeiter,N,2291,J,N
W,W,0,unbekannt,N,2207,J,N
W,V,2,angelernt,J,3762,J,N
W,W,0,unbekannt,J,2509,J,N
W,W,1,unbekannt,N,2374,J,N
M,V,0,angelernt,J,2728,J,N
M,W,1,angelernt,J,2743,J,N
M,V,1,unbekannt,J,2822,J,N
M,V,2,unbekannt,J,2749,J,N
W,V,2,angelernt,J,2158,J,N
W,V,0,unbekannt,J,2522,J,N
M,V,1,unbekannt,N,2178,J,N
W,V,2,Facharbeiter,N,5825,J,N
W,V,1,Facharbeiter,N,5280,N,N
W,V,0,unbekannt,N,2660,J,N
M,V,1,Manager,J,2773,J,N
M,V,1,Manager,N,2018,J,N
M,V,1,unbekannt,J,2075,J,N
M,W,1,angelernt,N,2037,J,N
W,V,2,unbekannt,N,2487,J,N
W,L,0,unbekannt,N,2046,J,N
W,W,0,unbekannt,N,2937,J,N
W,L,0,unbekannt,N,2979,J,N
M,V,1,angelernt,N,2245,J,N
W,V,2,Facharbeiter,N,3082,J,N
W,V,2,Facharbeiter,N,2401,J,N
M,V,1,Manager,N,6614,J,N
W,V,2,Buerokraft,N,4821,N,N
W,V,2,Manager,N,4663,J,N
W,V,2,Manager,N,4317,J,N
W,W,1,Buerokraft,N,3704,J,N
M,V,2,Facharbeiter,N,3606,J,N
M,V,2,angelernt,N,2394,J,N
W,V,0,unbekannt,N,2388,J,N
M,L,3,angelernt,J,2336,J,N
W,L,1,unbekannt,J,2760,J,N
W,V,2,Facharbeiter,N,3355,J,N
W,V,2,angelernt,N,3003,J,N
M,V,3,Facharbeiter,N,2098,J,N
W,W,1,unbekannt,N,2037,J,N
M,W,1,Facharbeiter,N,2160,J,N
M,V,2,Facharbeiter,J,2245,J,N
M,V,1,unbekannt,J,2752,J,N
M,V,1,angelernt,J,2305,J,N
M,V,2,unbekannt,J,2239,J,N
W,V,1,unbekannt,N,2452,J,N
W,V,1,unbekannt,N,2174,J,N
W,V,2,unbekannt,J,2894,J,N
W,V,2,angelernt,J,2898,J,N
W,L,1,Manager,N,7246,J,N
W,W,1,unbekannt,N,2811,J,N
W,V,1,Facharbeiter,N,2544,J,N
M,W,1,angelernt,J,2871,J,N
W,V,1,Facharbeiter,J,2516,J,N
M,V,1,unbekannt,J,2709,J,N
W,V,2,unbekannt,J,2693,J,N
W,L,2,Facharbeiter,N,3633,J,N
M,W,1,Facharbeiter,N,2774,J,N
W,V,1,unbekannt,J,3109,J,N
M,V,2,Facharbeiter,N,3090,J,N
M,V,0,unbekannt,J,2635,J,N
M,W,1,Facharbeiter,N,2490,J,N
M,V,2,Lehrer,J,6022,J,N
W,V,1,unbekannt,N,8111,J,N
W,V,0,Buerokraft,J,4126,J,N
W,W,1,unbekannt,N,2453,J,N
W,V,2,angelernt,J,2163,J,N
M,V,1,unbekannt,J,2563,J,N
M,W,1,angelernt,N,2383,J,N
W,V,1,unbekannt,J,2491,J,N
M,V,1,angelernt,N,2781,J,N
M,W,1,Manager,J,3159,J,N
M,L,1,Manager,N,3642,J,N
W,V,3,angelernt,N,2340,J,N
W,V,2,angelernt,N,2813,J,N
M,V,0,ungelernt,N,3368,J,N
M,W,1,angelernt,N,2556,J,N
M,V,1,Facharbeiter,N,3149,J,N
W,L,1,Facharbeiter,N,2801,J,N
M,V,2,Manager,N,7593,J,N
M,V,1,Manager,N,4906,J,N
W,V,1,unbekannt,N,2831,J,N
M,V,2,Facharbeiter,N,2890,J,N
W,V,2,Buerokraft,N,2565,J,N
W,L,1,Manager,N,6997,J,N
W,V,1,unbekannt,N,8254,J,N
W,V,2,Lehrer,N,6256,J,N
W,V,1,angelernt,N,4688,J,N
M,V,2,Lehrer,N,6141,J,N
W,L,1,Facharbeiter,J,2387,J,J
M,V,2,Lehrer,N,6651,J,J
W,V,2,Lehrer,N,2519,J,J
M,V,2,Manager,N,5040,J,J
W,V,2,Lehrer,N,7559,J,J
W,L,1,Manager,N,8831,J,J
M,V,1,Lehrer,N,3444,J,J
W,V,1,Lehrer,N,8694,J,J
M,V,2,Lehrer,N,6252,J,J
W,V,2,Lehrer,N,6977,J,J
W,V,2,Lehrer,N,6988,J,J
W,V,1,Lehrer,N,6478,J,J
M,L,3,Facharbeiter,N,2231,J,J
M,V,2,Lehrer,N,7339,J,J
M,V,2,Lehrer,N,6266,J,J
M,W,1,Lehrer,N,5454,J,J
M,V,1,Manager,N,6901,J,J
M,V,1,Facharbeiter,J,6106,J,J
M,L,1,Manager,N,8818,J,J
W,V,3,Manager,J,7550,J,J
M,V,2,Facharbeiter,N,4084,J,J
W,V,1,Facharbeiter,N,3142,J,J
W,V,2,Lehrer,N,4483,J,J
W,V,0,unbekannt,N,5443,J,J
M,V,2,Facharbeiter,N,3372,J,J
W,V,1,unbekannt,N,7093,J,J
W,W,1,Lehrer,N,3298,J,J
W,V,3,Lehrer,N,7685,J,J
W,V,1,Lehrer,N,4195,J,J
M,V,2,Facharbeiter,N,5331,J,J
M,V,1,Lehrer,N,4438,J,J
W,V,1,Lehrer,N,7720,J,J
W,V,1,Manager,N,8850,J,J
M,V,1,Manager,N,7421,J,J
W,V,2,Lehrer,N,8252,J,J
M,V,1,Manager,N,4130,J,J
M,V,1,Lehrer,N,6994,J,J
M,V,1,Buerokraft,N,8015,J,J
M,V,1,Lehrer,N,7505,J,J
M,V,2,Lehrer,N,5624,J,J
W,V,1,Facharbeiter,N,3128,J,J
M,V,2,Lehrer,N,5553,J,J
M,V,2,Lehrer,N,7585,J,J
W,L,2,Lehrer,N,3151,J,J
M,V,3,Lehrer,N,3761,J,J
M,V,1,unbekannt,N,4404,J,J
W,L,1,Facharbeiter,N,3075,J,J
M,V,2,Lehrer,N,8767,J,J
M,V,1,Lehrer,J,5834,J,J
W,V,1,Manager,N,8110,J,J
M,V,1,Facharbeiter,N,7123,J,J
M,V,1,Lehrer,N,7086,J,J
W,V,2,Lehrer,N,6158,J,J
W,V,1,Buerokraft,N,9017,J,J
W,V,2,Lehrer,N,6431,J,J
W,V,2,Lehrer,N,8125,J,J
W,V,1,Facharbeiter,N,7589,J,J
W,V,1,Manager,N,6770,J,J
M,L,1,Lehrer,N,5176,J,J
W,V,2,Lehrer,N,5447,J,J
M,V,2,Lehrer,N,3976,J,J
M,V,1,Lehrer,J,5852,J,J
M,V,2,Manager,N,5963,J,J
W,V,1,angelernt,N,2791,J,J
M,V,1,Manager,N,6278,J,J
M,V,2,Lehrer,N,5753,J,J
M,V,2,Lehrer,N,6771,J,J
W,V,1,Facharbeiter,N,7479,J,J
M,V,2,Manager,N,6894,J,J
W,W,1,Facharbeiter,N,3404,J,J
M,V,2,angelernt,N,2343,J,J
M,V,2,Facharbeiter,N,3148,J,J
W,V,2,Buerokraft,N,3452,J,J
M,V,2,unbekannt,N,7337,J,J
W,V,2,Lehrer,N,3171,J,J
W,W,0,unbekannt,J,6611,J,J
W,V,2,Lehrer,N,7197,J,J
W,V,2,Lehrer,N,6102,J,J
M,V,0,unbekannt,N,5999,J,J
M,V,2,Manager,N,8076,J,J
W,V,1,Lehrer,N,7633,J,J
W,V,1,Lehrer,J,7463,J,J
M,V,2,Lehrer,N,5189,J,J
M,V,2,Facharbeiter,N,4082,J,J
M,L,1,Manager,N,5355,J,J
W,V,1,unbekannt,N,3983,J,J
M,L,1,Facharbeiter,N,3474,J,J
W,V,1,unbekannt,N,2276,J,J
M,V,2,Facharbeiter,N,6127,J,J
W,V,2,Manager,N,7191,J,J
W,V,2,Facharbeiter,N,3351,J,J
W,V,1,Buerokraft,N,6394,J,J
M,V,1,Lehrer,N,8291,J,J
W,V,1,Manager,N,8050,J,J
M,V,2,Lehrer,N,7956,J,J
W,V,2,Facharbeiter,N,7906,J,J
M,V,1,Manager,N,5776,J,J
M,V,1,Manager,N,7547,J,J
M,V,2,Lehrer,N,8380,J,J
M,V,1,Lehrer,N,6622,J,J
M,V,2,Lehrer,N,4443,J,J
M,V,0,Facharbeiter,N,3786,J,J
M,W,0,angelernt,J,2009,J,J
W,V,1,Lehrer,N,7628,J,J
M,V,2,Lehrer,N,7176,J,J
M,V,2,Lehrer,N,6750,J,J
W,V,2,Lehrer,N,5604,J,J
M,V,2,Facharbeiter,N,8337,J,J
M,L,1,Lehrer,N,8476,J,J
W,L,1,Facharbeiter,N,5777,J,J
W,V,2,Facharbeiter,N,4061,J,J
M,V,2,Lehrer,N,7703,J,J
M,V,1,Lehrer,J,7255,J,J
W,V,1,unbekannt,N,7602,J,J
M,V,2,Lehrer,N,6615,J,J
W,V,1,Lehrer,N,8689,J,J
W,L,1,unbekannt,N,8003,J,J
W,V,1,Lehrer,N,7483,J,J
M,V,1,Manager,N,6696,J,J
W,V,2,Lehrer,N,6491,J,J
M,V,2,Facharbeiter,N,6546,J,J
W,V,1,Lehrer,N,5113,J,J
W,V,3,Lehrer,N,5406,J,J
W,V,2,Facharbeiter,N,3197,J,J
W,V,2,Facharbeiter,N,4038,J,J
W,V,2,Manager,N,3321,J,J
W,V,1,Lehrer,N,3516,J,J
M,V,1,Facharbeiter,N,3595,J,J
M,V,2,angelernt,N,3802,J,J
W,V,1,Lehrer,N,3079,J,J
W,V,1,Facharbeiter,N,2046,J,J
M,V,2,Lehrer,N,2113,J,J
M,W,1,unbekannt,N,2290,J,J
W,L,1,Facharbeiter,N,3037,J,J
M,V,2,Lehrer,N,3644,J,J
W,V,1,Lehrer,N,8685,J,J
M,V,2,Lehrer,N,4324,J,J
W,V,2,Lehrer,N,5877,J,J
W,V,1,Facharbeiter,N,7365,J,J
M,V,2,Lehrer,N,6755,J,J
W,V,1,Manager,N,6093,J,J
M,V,1,Manager,N,7644,J,J
W,V,2,Facharbeiter,N,6788,J,J
M,V,2,Manager,N,6917,J,J
W,V,2,Facharbeiter,N,7117,J,J
M,V,1,Facharbeiter,N,7246,J,J
M,V,3,unbekannt,N,6676,J,J
M,V,2,Lehrer,N,7217,J,J
W,V,2,Facharbeiter,J,4331,J,J
M,V,1,Lehrer,N,3694,J,J
W,V,1,Lehrer,N,3469,J,J
M,V,1,Lehrer,N,3071,J,J
W,V,2,Lehrer,N,3513,J,J
W,V,1,unbekannt,N,3098,J,J
M,V,0,unbekannt,N,2880,J,J
M,V,2,angelernt,N,2516,J,J
M,L,2,Lehrer,N,8463,J,J
M,V,1,Lehrer,N,5571,J,J
M,V,2,Lehrer,N,5528,J,J
W,V,2,angelernt,N,3243,J,J
W,L,1,Facharbeiter,N,3448,J,J
W,V,1,Facharbeiter,N,6755,J,J
W,V,1,unbekannt,N,5653,J,J
M,V,1,unbekannt,N,5654,J,J
M,V,2,unbekannt,N,3532,J,J
M,V,1,Lehrer,N,8416,J,J
W,L,1,unbekannt,N,3852,J,J
W,V,2,Lehrer,N,3228,J,J
M,V,2,Manager,N,3505,J,J
M,V,2,Lehrer,N,7639,J,J
M,V,2,Lehrer,J,8220,J,J
W,V,1,Lehrer,N,8844,J,J
W,V,1,Lehrer,N,7570,J,J
W,V,1,Manager,N,6281,J,J
M,V,2,Lehrer,N,7178,J,J
W,V,1,Buerokraft,N,6579,J,J
M,V,2,Lehrer,N,6226,J,J
M,V,2,Facharbeiter,N,4339,J,J
M,V,2,Manager,N,5180,J,J
M,L,1,Facharbeiter,N,5753,J,J
W,V,1,unbekannt,N,5559,J,J
W,V,2,angelernt,N,5493,J,J
M,V,1,Lehrer,N,3691,J,J
M,W,1,angelernt,N,3680,J,J
M,V,1,unbekannt,N,3225,J,J
W,V,1,Facharbeiter,N,3392,J,J
M,V,1,Facharbeiter,N,3648,J,J
W,V,2,Facharbeiter,N,3199,J,J
M,V,1,Facharbeiter,N,3634,J,J
W,V,1,ungelernt,N,2530,N,N
M,V,0,ungelernt,N,2301,J,N
M,V,1,angelernt,N,3484,N,N
W,V,0,unbekannt,N,2188,N,N
M,W,1,Facharbeiter,J,2071,J,N
M,V,1,angelernt,J,2650,J,N
M,V,0,unbekannt,N,2418,J,N
M,V,2,Facharbeiter,J,2508,J,N
W,W,0,Facharbeiter,N,2788,N,N
W,V,2,angelernt,N,2778,N,N
W,V,0,ungelernt,N,2599,N,N
M,V,0,unbekannt,N,2166,N,N
M,W,1,ungelernt,N,2092,J,N
W,V,1,Facharbeiter,N,2444,N,N
M,V,1,unbekannt,J,2844,N,N
W,V,2,unbekannt,J,2448,N,N
W,V,1,Buerokraft,N,4458,J,N
W,V,0,Manager,J,5896,N,N
W,V,1,Manager,N,3961,N,N
W,V,1,ungelernt,N,2391,N,N
M,V,0,unbekannt,J,2343,N,N
M,L,1,angelernt,J,2501,N,N
M,V,3,angelernt,N,2103,N,N
W,V,2,angelernt,N,2414,N,N
M,V,2,Facharbeiter,N,3547,J,N
M,V,1,unbekannt,N,5467,N,N
W,V,1,angelernt,N,3595,N,N
W,W,0,unbekannt,N,2555,J,N
M,L,1,angelernt,N,2734,N,N
W,V,0,unbekannt,N,2502,N,N
W,V,2,angelernt,N,2395,N,N
M,V,2,Facharbeiter,N,2793,J,N
M,V,1,Facharbeiter,N,2652,N,N
M,W,0,unbekannt,N,2313,N,N
W,W,1,Buerokraft,N,5904,J,N
M,V,2,Facharbeiter,N,5045,N,N
W,V,2,Facharbeiter,J,3651,N,N
M,V,1,Manager,N,3526,N,N
M,V,1,angelernt,J,2758,J,N
M,W,1,unbekannt,N,2986,N,N
M,V,1,Facharbeiter,N,2765,N,N
W,W,0,unbekannt,J,2369,N,N
W,W,1,Facharbeiter,N,2436,J,N
W,V,2,angelernt,N,2162,N,N
M,L,1,Facharbeiter,N,2327,J,N
M,V,0,angelernt,N,2994,J,N
W,L,0,unbekannt,J,2996,J,N
M,V,1,angelernt,N,2457,N,N
M,V,2,angelernt,N,2598,J,N
M,V,2,angelernt,N,2537,N,N
M,V,2,angelernt,N,2057,N,N
W,V,2,Facharbeiter,N,3212,N,N
M,V,1,Buerokraft,N,3815,J,N
M,V,1,Facharbeiter,N,3310,N,N
W,V,2,unbekannt,J,3214,J,N
M,V,0,Facharbeiter,N,3598,J,N
W,V,2,Buerokraft,N,3609,N,N
W,V,1,angelernt,J,3408,J,N
M,V,2,angelernt,N,3384,N,N
W,V,2,Facharbeiter,J,3441,J,N
W,V,2,Facharbeiter,N,3064,J,N
M,V,0,ungelernt,N,2472,J,N
M,L,1,Facharbeiter,N,2489,N,N
M,V,2,angelernt,N,2357,J,N
W,V,0,ungelernt,N,2050,J,N
M,W,1,Manager,J,8205,J,N
M,V,0,unbekannt,J,3520,J,N
W,V,0,unbekannt,J,2811,J,N
W,V,1,unbekannt,J,2949,J,N
W,W,1,unbekannt,N,2450,N,N
M,V,0,Facharbeiter,N,2857,J,N
W,V,3,unbekannt,N,2471,J,N
M,V,0,unbekannt,N,3277,J,N
M,V,2,angelernt,N,3282,N,N
W,W,2,unbekannt,N,2039,J,N
W,V,2,unbekannt,N,2953,J,N
M,V,0,angelernt,J,2241,J,N
M,V,0,unbekannt,N,2127,J,N
M,V,0,unbekannt,N,2627,J,N
W,V,1,Facharbeiter,J,2370,J,N
M,V,2,angelernt,N,2643,J,N
W,V,1,angelernt,J,2600,J,N
W,V,0,unbekannt,J,2534,J,N
W,L,1,Facharbeiter,N,2369,J,N
W,L,0,unbekannt,J,2858,J,N
M,V,2,Facharbeiter,N,2763,J,N
M,L,1,Facharbeiter,J,2199,J,N
W,V,0,Manager,N,8423,J,N
M,W,2,Facharbeiter,N,6690,J,N
M,V,2,Facharbeiter,J,3098,J,N
M,V,2,Manager,N,3960,N,N
M,V,2,angelernt,N,3445,N,N
M,W,1,angelernt,N,2479,J,N
M,W,1,unbekannt,N,2270,J,N
M,L,1,unbekannt,J,2766,J,N
W,V,0,unbekannt,N,2377,J,N
M,W,0,unbekannt,J,2551,J,N
M,V,1,unbekannt,J,2169,J,N
M,V,2,angelernt,J,2648,J,N
W,V,0,unbekannt,N,2048,J,N
M,L,0,unbekannt,J,2147,J,N
M,V,1,Facharbeiter,N,2649,J,N
W,W,1,angelernt,J,2733,J,N
M,V,0,unbekannt,N,2512,J,N
W,V,1,Facharbeiter,N,3529,J,N
W,V,1,Facharbeiter,N,3204,N,N
W,V,2,Facharbeiter,N,3462,J,N
M,V,1,angelernt,N,3476,N,N
M,L,1,unbekannt,N,3052,N,N
W,V,2,angelernt,N,3608,N,N
M,V,1,unbekannt,N,3341,N,N
M,V,1,Facharbeiter,J,3859,J,N
W,V,0,Facharbeiter,N,2937,J,N
M,V,2,Facharbeiter,J,2870,J,N
M,V,1,Facharbeiter,N,2773,N,N
W,L,1,Facharbeiter,N,2068,J,N
W,V,2,angelernt,N,2015,J,N
M,W,1,unbekannt,J,2236,J,N
M,L,0,unbekannt,N,2213,J,N
M,V,1,unbekannt,N,2201,J,N
W,V,1,Facharbeiter,N,3279,J,N
M,V,2,Manager,N,3703,J,N
W,V,1,Facharbeiter,N,3574,N,N
W,V,1,Manager,N,3127,J,N
W,V,1,angelernt,N,2597,N,N
M,W,1,unbekannt,J,2077,J,N
M,V,1,Facharbeiter,N,2276,J,N
W,W,0,unbekannt,N,2211,J,N
W,V,2,angelernt,J,3766,J,N
W,W,0,unbekannt,J,2513,J,N
W,W,1,unbekannt,N,2378,J,N
M,V,0,angelernt,J,2759,J,N
M,W,1,angelernt,J,2774,J,N
M,V,1,unbekannt,J,2853,J,N
M,V,2,unbekannt,J,2780,J,N
W,V,2,angelernt,J,2162,J,N
W,V,0,unbekannt,J,2526,J,N
M,V,1,unbekannt,N,2209,J,N
W,V,2,Facharbeiter,N,5783,J,N
W,V,1,Facharbeiter,N,5238,N,N
W,V,0,unbekannt,N,2664,J,N
M,V,1,Manager,J,2804,J,N
M,V,1,Manager,N,2049,J,N
M,V,1,unbekannt,J,2106,J,N
M,W,1,angelernt,N,2068,J,N
W,V,2,unbekannt,N,2491,J,N
W,L,0,unbekannt,N,2050,J,N
W,W,0,unbekannt,N,2941,J,N
W,L,0,unbekannt,N,2983,J,N
M,V,1,angelernt,N,2276,J,N
W,V,2,Facharbeiter,N,3040,J,N
W,V,2,Facharbeiter,N,2359,J,N
M,V,1,Manager,N,6645,J,N
W,V,2,Buerokraft,N,4779,N,N
W,V,2,Manager,N,4667,J,N
W,V,2,Manager,N,4321,J,N
W,W,1,Buerokraft,N,3662,J,N
M,V,2,Facharbeiter,N,3591,J,N
M,V,2,angelernt,N,2425,J,N
W,V,0,unbekannt,N,2392,J,N
M,L,3,angelernt,J,2367,J,N
W,L,1,unbekannt,J,2764,J,N
W,V,2,Facharbeiter,N,3313,J,N
W,V,2,angelernt,N,3007,J,N
M,V,3,Facharbeiter,N,2083,J,N
W,W,1,unbekannt,N,2041,J,N
M,W,1,Facharbeiter,N,2145,J,N
M,V,2,Facharbeiter,J,2230,J,N
M,V,1,unbekannt,J,2783,J,N
M,V,1,angelernt,J,2336,J,N
M,V,2,unbekannt,J,2270,J,N
W,V,1,unbekannt,N,2456,J,N
W,V,1,unbekannt,N,2178,J,N
W,V,2,unbekannt,J,2898,J,N
W,V,2,angelernt,J,2902,J,N
W,L,1,Manager,N,7250,J,N
W,W,1,unbekannt,N,2815,J,N
W,V,1,Facharbeiter,N,2502,J,N
M,W,1,angelernt,J,2902,J,N
W,V,1,Facharbeiter,J,2474,J,N
M,V,1,unbekannt,J,2740,J,N
W,V,2,unbekannt,J,2697,J,N
W,L,2,Facharbeiter,N,3591,J,N
M,W,1,Facharbeiter,N,2759,J,N
W,V,1,unbekannt,J,3113,J,N
M,V,2,Facharbeiter,N,3075,J,N
M,V,0,unbekannt,J,2666,J,N
M,W,1,Facharbeiter,N,2475,J,N
M,V,2,Lehrer,J,6053,J,N
W,V,1,unbekannt,N,8115,J,N
W,V,0,Buerokraft,J,4084,J,N
W,W,1,unbekannt,N,2457,J,N
W,V,2,angelernt,J,2167,J,N
M,V,1,unbekannt,J,2594,J,N
M,W,1,angelernt,N,2414,J,N
W,V,1,unbekannt,J,2495,J,N
M,V,1,angelernt,N,2812,J,N
M,W,1,Manager,J,3190,J,N
M,L,1,Manager,N,3673,J,N
W,V,3,angelernt,N,2344,J,N
W,V,2,angelernt,N,2817,J,N
M,V,0,ungelernt,N,3399,J,N
M,W,1,angelernt,N,2587,J,N
M,V,1,Facharbeiter,N,3134,J,N
W,L,1,Facharbeiter,N,2759,J,N
M,V,2,Manager,N,7624,J,N
M,V,1,Manager,N,4937,J,N
W,V,1,unbekannt,N,2835,J,N
M,V,2,Facharbeiter,N,2875,J,N
W,V,2,Buerokraft,N,2523,J,N
W,L,1,Manager,N,7001,J,N
W,V,1,unbekannt,N,8258,J,N
W,V,2,Lehrer,N,6260,J,N
W,V,1,angelernt,N,4692,J,N
M,V,2,Lehrer,N,6172,J,N
W,L,1,Facharbeiter,J,2345,J,J
M,V,2,Lehrer,N,6682,J,J
W,V,2,Lehrer,N,2523,J,J
M,V,2,Manager,N,5071,J,J
W,V,2,Lehrer,N,7563,J,J
W,L,1,Manager,N,8835,J,J
M,V,1,Lehrer,N,3475,J,J
W,V,1,Lehrer,N,8698,J,J
M,V,2,Lehrer,N,6283,J,J
W,V,2,Lehrer,N,6981,J,J
W,V,2,Lehrer,N,6992,J,J
W,V,1,Lehrer,N,6482,J,J
M,L,3,Facharbeiter,N,2216,J,J
M,V,2,Lehrer,N,7370,J,J
M,V,2,Lehrer,N,6297,J,J
M,W,1,Lehrer,N,5485,J,J
M,V,1,Manager,N,6932,J,J
M,V,1,Facharbeiter,J,6091,J,J
M,L,1,Manager,N,8849,J,J
W,V,3,Manager,J,7554,J,J
M,V,2,Facharbeiter,N,4069,J,J
W,V,1,Facharbeiter,N,3100,J,J
W,V,2,Lehrer,N,4487,J,J
W,V,0,unbekannt,N,5447,J,J
M,V,2,Facharbeiter,N,3357,J,J
W,V,1,unbekannt,N,7097,J,J
W,W,1,Lehrer,N,3302,J,J
W,V,3,Lehrer,N,7689,J,J
W,V,1,Lehrer,N,4199,J,J
M,V,2,Facharbeiter,N,5316,J,J
M,V,1,Lehrer,N,4469,J,J
W,V,1,Lehrer,N,7724,J,J
W,V,1,Manager,N,8854,J,J
M,V,1,Manager,N,7452,J,J
W,V,2,Lehrer,N,8256,J,J
M,V,1,Manager,N,4161,J,J
M,V,1,Lehrer,N,7025,J,J
M,V,1,Buerokraft,N,8000,J,J
M,V,1,Lehrer,N,7536,J,J
M,V,2,Lehrer,N,5655,J,J
W,V,1,Facharbeiter,N,3086,J,J
M,V,2,Lehrer,N,5584,J,J
M,V,2,Lehrer,N,7616,J,J
W,L,2,Lehrer,N,3155,J,J
M,V,3,Lehrer,N,3792,J,J
M,V,1,unbekannt,N,4435,J,J
W,L,1,Facharbeiter,N,3033,J,J
M,V,2,Lehrer,N,8798,J,J
M,V,1,Lehrer,J,5865,J,J
W,V,1,Manager,N,8114,J,J
M,V,1,Facharbeiter,N,7108,J,J
M,V,1,Lehrer,N,7117,J,J
W,V,2,Lehrer,N,6162,J,J
W,V,1,Buerokraft,N,8975,J,J
W,V,2,Lehrer,N,6435,J,J
W,V,2,Lehrer,N,8129,J,J
W,V,1,Facharbeiter,N,7547,J,J
W,V,1,Manager,N,6774,J,J
M,L,1,Lehrer,N,5207,J,J
W,V,2,Lehrer,N,5451,J,J
M,V,2,Lehrer,N,4007,J,J
M,V,1,Lehrer,J,5883,J,J
M,V,2,Manager,N,5994,J,J
W,V,1,angelernt,N,2795,J,J
M,V,1,Manager,N,6309,J,J
M,V,2,Lehrer,N,5784,J,J
M,V,2,Lehrer,N,6802,J,J
W,V,1,Facharbeiter,N,7437,J,J
M,V,2,Manager,N,6925,J,J
W,W,1,Facharbeiter,N,3362,J,J
M,V,2,angelernt,N,2374,J,J
M,V,2,Facharbeiter,N,3133,J,J
W,V,2,Buerokraft,N,3410,J,J
M,V,2,unbekannt,N,7368,J,J
W,V,2,Lehrer,N,3175,J,J
W,W,0,unbekannt,J,6615,J,J
W,V,2,Lehrer,N,7201,J,J
W,V,2,Lehrer,N,6106,J,J
M,V,0,unbekannt,N,6030,J,J
M,V,2,Manager,N,8107,J,J
W,V,1,Lehrer,N,7637,J,J
W,V,1,Lehrer,J,7467,J,J
M,V,2,Lehrer,N,5220,J,J
M,V,2,Facharbeiter,N,4067,J,J
M,L,1,Manager,N,5386,J,J
W,V,1,unbekannt,N,3987,J,J
M,L,1,Facharbeiter,N,3459,J,J
W,V,1,unbekannt,N,2280,J,J
M,V,2,Facharbeiter,N,6112,J,J
W,V,2,Manager,N,7195,J,J
W,V,2,Facharbeiter,N,3309,J,J
W,V,1,Buerokraft,N,6352,J,J
M,V,1,Lehrer,N,8322,J,J
W,V,1,Manager,N,8054,J,J
M,V,2,Lehrer,N,7987,J,J
W,V,2,Facharbeiter,N,7864,J,J
M,V,1,Manager,N,5807,J,J
M,V,1,Manager,N,7578,J,J
M,V,2,Lehrer,N,8411,J,J
M,V,1,Lehrer,N,6653,J,J
M,V,2,Lehrer,N,4474,J,J
M,V,0,Facharbeiter,N,3771,J,J
M,W,0,angelernt,J,2040,J,J
W,V,1,Lehrer,N,7632,J,J
M,V,2,Lehrer,N,7207,J,J
M,V,2,Lehrer,N,6781,J,J
W,V,2,Lehrer,N,5608,J,J
M,V,2,Facharbeiter,N,8322,J,J
M,L,1,Lehrer,N,8507,J,J
W,L,1,Facharbeiter,N,5735,J,J
W,V,2,Facharbeiter,N,4019,J,J
M,V,2,Lehrer,N,7734,J,J
M,V,1,Lehrer,J,7286,J,J
W,V,1,unbekannt,N,7606,J,J
M,V,2,Lehrer,N,6646,J,J
W,V,1,Lehrer,N,8693,J,J
W,L,1,unbekannt,N,8007,J,J
W,V,1,Lehrer,N,7487,J,J
M,V,1,Manager,N,6727,J,J
W,V,2,Lehrer,N,6495,J,J
M,V,2,Facharbeiter,N,6531,J,J
W,V,1,Lehrer,N,5117,J,J
W,V,3,Lehrer,N,5410,J,J
W,V,2,Facharbeiter,N,3155,J,J
W,V,2,Facharbeiter,N,3996,J,J
W,V,2,Manager,N,3325,J,J
W,V,1,Lehrer,N,3520,J,J
M,V,1,Facharbeiter,N,3580,J,J
M,V,2,angelernt,N,3833,J,J
W,V,1,Lehrer,N,3083,J,J
W,V,1,Facharbeiter,N,2004,J,J
M,V,2,Lehrer,N,2144,J,J
M,W,1,unbekannt,N,2321,J,J
W,L,1,Facharbeiter,N,2995,J,J
M,V,2,Lehrer,N,3675,J,J
W,V,1,Lehrer,N,8689,J,J
M,V,2,Lehrer,N,4355,J,J
W,V,2,Lehrer,N,5881,J,J
W,V,1,Facharbeiter,N,7323,J,J
M,V,2,Lehrer,N,6786,J,J
W,V,1,Manager,N,6097,J,J
M,V,1,Manager,N,7675,J,J
W,V,2,Facharbeiter,N,6746,J,J
M,V,2,Manager,N,6948,J,J
W,V,2,Facharbeiter,N,7075,J,J
M,V,1,Facharbeiter,N,7231,J,J
M,V,3,unbekannt,N,6707,J,J
M,V,2,Lehrer,N,7248,J,J
W,V,2,Facharbeiter,J,4289,J,J
M,V,1,Lehrer,N,3725,J,J
W,V,1,Lehrer,N,3473,J,J
M,V,1,Lehrer,N,3102,J,J
W,V,2,Lehrer,N,3517,J,J
W,V,1,unbekannt,N,3102,J,J
M,V,0,unbekannt,N,2911,J,J
M,V,2,angelernt,N,2547,J,J
M,L,2,Lehrer,N,8494,J,J
M,V,1,Lehrer,N,5602,J,J
M,V,2,Lehrer,N,5559,J,J
W,V,2,angelernt,N,3247,J,J
W,L,1,Facharbeiter,N,3406,J,J
W,V,1,Facharbeiter,N,6713,J,J
W,V,1,unbekannt,N,5657,J,J
M,V,1,unbekannt,N,5685,J,J
M,V,2,unbekannt,N,3563,J,J
M,V,1,Lehrer,N,8447,J,J
W,L,1,unbekannt,N,3856,J,J
W,V,2,Lehrer,N,3232,J,J
M,V,2,Manager,N,3536,J,J
M,V,2,Lehrer,N,7670,J,J
M,V,2,Lehrer,J,8251,J,J
W,V,1,Lehrer,N,8848,J,J
W,V,1,Lehrer,N,7574,J,J
W,V,1,Manager,N,6285,J,J
M,V,2,Lehrer,N,7209,J,J
W,V,1,Buerokraft,N,6537,J,J
M,V,2,Lehrer,N,6257,J,J
M,V,2,Facharbeiter,N,4324,J,J
M,V,2,Manager,N,5211,J,J
M,L,1,Facharbeiter,N,5738,J,J
W,V,1,unbekannt,N,5563,J,J
W,V,2,angelernt,N,5497,J,J
M,V,1,Lehrer,N,3722,J,J
M,W,1,angelernt,N,3711,J,J
M,V,1,unbekannt,N,3256,J,J
W,V,1,Facharbeiter,N,3350,J,J
M,V,1,Facharbeiter,N,3633,J,J
W,V,2,Facharbeiter,N,3157,J,J
M,V,1,Facharbeiter,N,3619,J,J
W,V,1,ungelernt,N,2517,N,N
M,V,0,ungelernt,N,2261,J,N
M,V,1,angelernt,N,3444,N,N
W,V,0,unbekannt,N,2215,N,N
M,W,1,Facharbeiter,J,2071,J,N
M,V,1,angelernt,J,2610,J,N
M,V,0,unbekannt,N,2418,J,N
M,V,2,Facharbeiter,J,2508,J,N
W,W,0,Facharbeiter,N,2815,N,N
W,V,2,angelernt,N,2765,N,N
W,V,0,ungelernt,N,2586,N,N
M,V,0,unbekannt,N,2166,N,N
M,W,1,ungelernt,N,2052,J,N
W,V,1,Facharbeiter,N,2471,N,N
M,V,1,unbekannt,J,2844,N,N
W,V,2,unbekannt,J,2475,N,N
W,V,1,Buerokraft,N,4485,J,N
W,V,0,Manager,J,5923,N,N
W,V,1,Manager,N,3988,N,N
W,V,1,ungelernt,N,2378,N,N
M,V,0,unbekannt,J,2343,N,N
M,L,1,angelernt,J,2461,N,N
M,V,3,angelernt,N,2063,N,N
W,V,2,angelernt,N,2401,N,N
M,V,2,Facharbeiter,N,3547,J,N
M,V,1,unbekannt,N,5467,N,N
W,V,1,angelernt,N,3582,N,N
W,W,0,unbekannt,N,2582,J,N
M,L,1,angelernt,N,2694,N,N
W,V,0,unbekannt,N,2529,N,N
W,V,2,angelernt,N,2382,N,N
M,V,2,Facharbeiter,N,2793,J,N
M,V,1,Facharbeiter,N,2652,N,N
M,W,0,unbekannt,N,2313,N,N
W,W,1,Buerokraft,N,5931,J,N
M,V,2,Facharbeiter,N,5045,N,N
W,V,2,Facharbeiter,J,3678,N,N
M,V,1,Manager,N,3526,N,N
M,V,1,angelernt,J,2718,J,N
M,W,1,unbekannt,N,2986,N,N
M,V,1,Facharbeiter,N,2765,N,N
W,W,0,unbekannt,J,2396,N,N
W,W,1,Facharbeiter,N,2463,J,N
W,V,2,angelernt,N,2149,N,N
M,L,1,Facharbeiter,N,2327,J,N
M,V,0,angelernt,N,2954,J,N
W,L,0,unbekannt,J,3023,J,N
M,V,1,angelernt,N,2417,N,N
M,V,2,angelernt,N,2558,J,N
M,V,2,angelernt,N,2497,N,N
M,V,2,angelernt,N,2017,N,N
W,V,2,Facharbeiter,N,3239,N,N
M,V,1,Buerokraft,N,3815,J,N
M,V,1,Facharbeiter,N,3310,N,N
W,V,2,unbekannt,J,3241,J,N
M,V,0,Facharbeiter,N,3598,J,N
W,V,2,Buerokraft,N,3636,N,N
W,V,1,angelernt,J,3395,J,N
M,V,2,angelernt,N,3344,N,N
W,V,2,Facharbeiter,J,3468,J,N
W,V,2,Facharbeiter,N,3091,J,N
M,V,0,ungelernt,N,2432,J,N
M,L,1,Facharbeiter,N,2489,N,N
M,V,2,angelernt,N,2317,J,N
W,V,0,ungelernt,N,2037,J,N
M,W,1,Manager,J,8205,J,N
M,V,0,unbekannt,J,3520,J,N
W,V,0,unbekannt,J,2838,J,N
W,V,1,unbekannt,J,2976,J,N
W,W,1,unbekannt,N,2477,N,N
M,V,0,Facharbeiter,N,2857,J,N
W,V,3,unbekannt,N,2498,J,N
M,V,0,unbekannt,N,3277,J,N
M,V,2,angelernt,N,3242,N,N
W,W,2,unbekannt,N,2066,J,N
W,V,2,unbekannt,N,2980,J,N
M,V,0,angelernt,J,2201,J,N
M,V,0,unbekannt,N,2127,J,N
M,V,0,unbekannt,N,2627,J,N
W,V,1,Facharbeiter,J,2397,J,N
M,V,2,angelernt,N,2603,J,N
W,V,1,angelernt,J,2587,J,N
W,V,0,unbekannt,J,2561,J,N
W,L,1,Facharbeiter,N,2396,J,N
W,L,0,unbekannt,J,2885,J,N
M,V,2,Facharbeiter,N,2763,J,N
M,L,1,Facharbeiter,J,2199,J,N
W,V,0,Manager,N,8450,J,N
M,W,2,Facharbeiter,N,6690,J,N
M,V,2,Facharbeiter,J,3098,J,N
M,V,2,Manager,N,3960,N,N
M,V,2,angelernt,N,3405,N,N
M,W,1,angelernt,N,2439,J,N
M,W,1,unbekannt,N,2270,J,N
M,L,1,unbekannt,J,2766,J,N
W,V,0,unbekannt,N,2404,J,N
M,W,0,unbekannt,J,2551,J,N
M,V,1,unbekannt,J,2169,J,N
M,V,2,angelernt,J,2608,J,N
W,V,0,unbekannt,N,2075,J,N
M,L,0,unbekannt,J,2147,J,N
M,V,1,Facharbeiter,N,2649,J,N
W,W,1,angelernt,J,2720,J,N
M,V,0,unbekannt,N,2512,J,N
W,V,1,Facharbeiter,N,3556,J,N
W,V,1,Facharbeiter,N,3231,N,N
W,V,2,Facharbeiter,N,3489,J,N
M,V,1,angelernt,N,3436,N,N
M,L,1,unbekannt,N,3052,N,N
W,V,2,angelernt,N,3595,N,N
M,V,1,unbekannt,N,3341,N,N
M,V,1,Facharbeiter,J,3859,J,N
W,V,0,Facharbeiter,N,2964,J,N
M,V,2,Facharbeiter,J,2870,J,N
M,V,1,Facharbeiter,N,2773,N,N
W,L,1,Facharbeiter,N,2095,J,N
W,V,2,angelernt,N,2002,J,N
M,W,1,unbekannt,J,2236,J,N
M,L,0,unbekannt,N,2213,J,N
M,V,1,unbekannt,N,2201,J,N
W,V,1,Facharbeiter,N,3306,J,N
M,V,2,Manager,N,3703,J,N
W,V,1,Facharbeiter,N,3601,N,N
W,V,1,Manager,N,3154,J,N
W,V,1,angelernt,N,2584,N,N
M,W,1,unbekannt,J,2077,J,N
M,V,1,Facharbeiter,N,2276,J,N
W,W,0,unbekannt,N,2238,J,N
W,V,2,angelernt,J,3753,J,N
W,W,0,unbekannt,J,2540,J,N
W,W,1,unbekannt,N,2405,J,N
M,V,0,angelernt,J,2719,J,N
M,W,1,angelernt,J,2734,J,N
M,V,1,unbekannt,J,2853,J,N
M,V,2,unbekannt,J,2780,J,N
W,V,2,angelernt,J,2149,J,N
W,V,0,unbekannt,J,2553,J,N
M,V,1,unbekannt,N,2209,J,N
W,V,2,Facharbeiter,N,5810,J,N
W,V,1,Facharbeiter,N,5265,N,N
W,V,0,unbekannt,N,2691,J,N
M,V,1,Manager,J,2804,J,N
M,V,1,Manager,N,2049,J,N
M,V,1,unbekannt,J,2106,J,N
M,W,1,angelernt,N,2028,J,N
W,V,2,unbekannt,N,2518,J,N
W,L,0,unbekannt,N,2077,J,N
W,W,0,unbekannt,N,2968,J,N
W,L,0,unbekannt,N,3010,J,N
M,V,1,angelernt,N,2236,J,N
W,V,2,Facharbeiter,N,3067,J,N
W,V,2,Facharbeiter,N,2386,J,N
M,V,1,Manager,N,6645,J,N
W,V,2,Buerokraft,N,4806,N,N
W,V,2,Manager,N,4694,J,N
W,V,2,Manager,N,4348,J,N
W,W,1,Buerokraft,N,3689,J,N
M,V,2,Facharbeiter,N,3591,J,N
M,V,2,angelernt,N,2385,J,N
W,V,0,unbekannt,N,2419,J,N
M,L,3,angelernt,J,2327,J,N
W,L,1,unbekannt,J,2791,J,N
W,V,2,Facharbeiter,N,3340,J,N
W,V,2,angelernt,N,2994,J,N
M,V,3,Facharbeiter,N,2083,J,N
W,W,1,unbekannt,N,2068,J,N
M,W,1,Facharbeiter,N,2145,J,N
M,V,2,Facharbeiter,J,2230,J,N
M,V,1,unbekannt,J,2783,J,N
M,V,1,angelernt,J,2296,J,N
M,V,2,unbekannt,J,2270,J,N
W,V,1,unbekannt,N,2483,J,N
W,V,1,unbekannt,N,2205,J,N
W,V,2,unbekannt,J,2925,J,N
W,V,2,angelernt,J,2889,J,N
W,L,1,Manager,N,7277,J,N
W,W,1,unbekannt,N,2842,J,N
W,V,1,Facharbeiter,N,2529,J,N
M,W,1,angelernt,J,2862,J,N
W,V,1,Facharbeiter,J,2501,J,N
M,V,1,unbekannt,J,2740,J,N
W,V,2,unbekannt,J,2724,J,N
W,L,2,Facharbeiter,N,3618,J,N
M,W,1,Facharbeiter,N,2759,J,N
W,V,1,unbekannt,J,3140,J,N
M,V,2,Facharbeiter,N,3075,J,N
M,V,0,unbekannt,J,2666,J,N
M,W,1,Facharbeiter,N,2475,J,N
M,V,2,Lehrer,J,6053,J,N
W,V,1,unbekannt,N,8142,J,N
W,V,0,Buerokraft,J,4111,J,N
W,W,1,unbekannt,N,2484,J,N
W,V,2,angelernt,J,2154,J,N
M,V,1,unbekannt,J,2594,J,N
M,W,1,angelernt,N,2374,J,N
W,V,1,unbekannt,J,2522,J,N
M,V,1,angelernt,N,2772,J,N
M,W,1,Manager,J,3190,J,N
M,L,1,Manager,N,3673,J,N
W,V,3,angelernt,N,2331,J,N
W,V,2,angelernt,N,2804,J,N
M,V,0,ungelernt,N,3359,J,N
M,W,1,angelernt,N,2547,J,N
M,V,1,Facharbeiter,N,3134,J,N
W,L,1,Facharbeiter,N,2786,J,N
M,V,2,Manager,N,7624,J,N
M,V,1,Manager,N,4937,J,N
W,V,1,unbekannt,N,2862,J,N
M,V,2,Facharbeiter,N,2875,J,N
W,V,2,Buerokraft,N,2550,J,N
W,L,1,Manager,N,7028,J,N
W,V,1,unbekannt,N,8285,J,N
W,V,2,Lehrer,N,6287,J,N
W,V,1,angelernt,N,4679,J,N
M,V,2,Lehrer,N,6172,J,N
W,L,1,Facharbeiter,J,2372,J,J
M,V,2,Lehrer,N,6682,J,J
W,V,2,Lehrer,N,2550,J,J
M,V,2,Manager,N,5071,J,J
W,V,2,Lehrer,N,7590,J,J
W,L,1,Manager,N,8862,J,J
M,V,1,Lehrer,N,3475,J,J
W,V,1,Lehrer,N,8725,J,J
M,V,2,Lehrer,N,6283,J,J
W,V,2,Lehrer,N,7008,J,J
W,V,2,Lehrer,N,7019,J,J
W,V,1,Lehrer,N,6509,J,J
M,L,3,Facharbeiter,N,2216,J,J
M,V,2,Lehrer,N,7370,J,J
M,V,2,Lehrer,N,6297,J,J
M,W,1,Lehrer,N,5485,J,J
M,V,1,Manager,N,6932,J,J
M,V,1,Facharbeiter,J,6091,J,J
M,L,1,Manager,N,8849,J,J
W,V,3,Manager,J,7581,J,J
M,V,2,Facharbeiter,N,4069,J,J
W,V,1,Facharbeiter,N,3127,J,J
W,V,2,Lehrer,N,4514,J,J
W,V,0,unbekannt,N,5474,J,J
M,V,2,Facharbeiter,N,3357,J,J
W,V,1,unbekannt,N,7124,J,J
W,W,1,Lehrer,N,3329,J,J
W,V,3,Lehrer,N,7716,J,J
W,V,1,Lehrer,N,4226,J,J
M,V,2,Facharbeiter,N,5316,J,J
M,V,1,Lehrer,N,4469,J,J
W,V,1,Lehrer,N,7751,J,J
W,V,1,Manager,N,8881,J,J
M,V,1,Manager,N,7452,J,J
W,V,2,Lehrer,N,8283,J,J
M,V,1,Manager,N,4161,J,J
M,V,1,Lehrer,N,7025,J,J
M,V,1,Buerokraft,N,8000,J,J
M,V,1,Lehrer,N,7536,J,J
M,V,2,Lehrer,N,5655,J,J
W,V,1,Facharbeiter,N,3113,J,J
M,V,2,Lehrer,N,5584,J,J
M,V,2,Lehrer,N,7616,J,J
W,L,2,Lehrer,N,3182,J,J
M,V,3,Lehrer,N,3792,J,J
M,V,1,unbekannt,N,4435,J,J
W,L,1,Facharbeiter,N,3060,J,J
M,V,2,Lehrer,N,8798,J,J
M,V,1,Lehrer,J,5865,J,J
W,V,1,Manager,N,8141,J,J
M,V,1,Facharbeiter,N,7108,J,J
M,V,1,Lehrer,N,7117,J,J
W,V,2,Lehrer,N,6189,J,J
W,V,1,Buerokraft,N,9002,J,J
W,V,2,Lehrer,N,6462,J,J
W,V,2,Lehrer,N,8156,J,J
W,V,1,Facharbeiter,N,7574,J,J
W,V,1,Manager,N,6801,J,J
M,L,1,Lehrer,N,5207,J,J
W,V,2,Lehrer,N,5478,J,J
M,V,2,Lehrer,N,4007,J,J
M,V,1,Lehrer,J,5883,J,J
M,V,2,Manager,N,5994,J,J
W,V,1,angelernt,N,2782,J,J
M,V,1,Manager,N,6309,J,J
M,V,2,Lehrer,N,5784,J,J
M,V,2,Lehrer,N,6802,J,J
W,V,1,Facharbeiter,N,7464,J,J
M,V,2,Manager,N,6925,J,J
W,W,1,Facharbeiter,N,3389,J,J
M,V,2,angelernt,N,2334,J,J
M,V,2,Facharbeiter,N,3133,J,J
W,V,2,Buerokraft,N,3437,J,J
M,V,2,unbekannt,N,7368,J,J
W,V,2,Lehrer,N,3202,J,J
W,W,0,unbekannt,J,6642,J,J
W,V,2,Lehrer,N,7228,J,J
W,V,2,Lehrer,N,6133,J,J
M,V,0,unbekannt,N,6030,J,J
M,V,2,Manager,N,8107,J,J
W,V,1,Lehrer,N,7664,J,J
W,V,1,Lehrer,J,7494,J,J
M,V,2,Lehrer,N,5220,J,J
M,V,2,Facharbeiter,N,4067,J,J
M,L,1,Manager,N,5386,J,J
W,V,1,unbekannt,N,4014,J,J
M,L,1,Facharbeiter,N,3459,J,J
W,V,1,unbekannt,N,2307,J,J
M,V,2,Facharbeiter,N,6112,J,J
W,V,2,Manager,N,7222,J,J
W,V,2,Facharbeiter,N,3336,J,J
W,V,1,Buerokraft,N,6379,J,J
M,V,1,Lehrer,N,8322,J,J
W,V,1,Manager,N,8081,J,J
M,V,2,Lehrer,N,7987,J,J
W,V,2,Facharbeiter,N,7891,J,J
M,V,1,Manager,N,5807,J,J
M,V,1,Manager,N,7578,J,J
M,V,2,Lehrer,N,8411,J,J
M,V,1,Lehrer,N,6653,J,J
M,V,2,Lehrer,N,4474,J,J
M,V,0,Facharbeiter,N,3771,J,J
M,W,0,angelernt,J,2000,J,J
W,V,1,Lehrer,N,7659,J,J
M,V,2,Lehrer,N,7207,J,J
M,V,2,Lehrer,N,6781,J,J
W,V,2,Lehrer,N,5635,J,J
M,V,2,Facharbeiter,N,8322,J,J
M,L,1,Lehrer,N,8507,J,J
W,L,1,Facharbeiter,N,5762,J,J
W,V,2,Facharbeiter,N,4046,J,J
M,V,2,Lehrer,N,7734,J,J
M,V,1,Lehrer,J,7286,J,J
W,V,1,unbekannt,N,7633,J,J
M,V,2,Lehrer,N,6646,J,J
W,V,1,Lehrer,N,8720,J,J
W,L,1,unbekannt,N,8034,J,J
W,V,1,Lehrer,N,7514,J,J
M,V,1,Manager,N,6727,J,J
W,V,2,Lehrer,N,6522,J,J
M,V,2,Facharbeiter,N,6531,J,J
W,V,1,Lehrer,N,5144,J,J
W,V,3,Lehrer,N,5437,J,J
W,V,2,Facharbeiter,N,3182,J,J
W,V,2,Facharbeiter,N,4023,J,J
W,V,2,Manager,N,3352,J,J
W,V,1,Lehrer,N,3547,J,J
M,V,1,Facharbeiter,N,3580,J,J
M,V,2,angelernt,N,3793,J,J
W,V,1,Lehrer,N,3110,J,J
W,V,1,Facharbeiter,N,2031,J,J
M,V,2,Lehrer,N,2144,J,J
M,W,1,unbekannt,N,2321,J,J
W,L,1,Facharbeiter,N,3022,J,J
M,V,2,Lehrer,N,3675,J,J
W,V,1,Lehrer,N,8716,J,J
M,V,2,Lehrer,N,4355,J,J
W,V,2,Lehrer,N,5908,J,J
W,V,1,Facharbeiter,N,7350,J,J
M,V,2,Lehrer,N,6786,J,J
W,V,1,Manager,N,6124,J,J
M,V,1,Manager,N,7675,J,J
W,V,2,Facharbeiter,N,6773,J,J
M,V,2,Manager,N,6948,J,J
W,V,2,Facharbeiter,N,7102,J,J
M,V,1,Facharbeiter,N,7231,J,J
M,V,3,unbekannt,N,6707,J,J
M,V,2,Lehrer,N,7248,J,J
W,V,2,Facharbeiter,J,4316,J,J
M,V,1,Lehrer,N,3725,J,J
W,V,1,Lehrer,N,3500,J,J
M,V,1,Lehrer,N,3102,J,J
W,V,2,Lehrer,N,3544,J,J
W,V,1,unbekannt,N,3129,J,J
M,V,0,unbekannt,N,2911,J,J
M,V,2,angelernt,N,2507,J,J
M,L,2,Lehrer,N,8494,J,J
M,V,1,Lehrer,N,5602,J,J
M,V,2,Lehrer,N,5559,J,J
W,V,2,angelernt,N,3234,J,J
W,L,1,Facharbeiter,N,3433,J,J
W,V,1,Facharbeiter,N,6740,J,J
W,V,1,unbekannt,N,5684,J,J
M,V,1,unbekannt,N,5685,J,J
M,V,2,unbekannt,N,3563,J,J
M,V,1,Lehrer,N,8447,J,J
W,L,1,unbekannt,N,3883,J,J
W,V,2,Lehrer,N,3259,J,J
M,V,2,Manager,N,3536,J,J
M,V,2,Lehrer,N,7670,J,J
M,V,2,Lehrer,J,8251,J,J
W,V,1,Lehrer,N,8875,J,J
W,V,1,Lehrer,N,7601,J,J
W,V,1,Manager,N,6312,J,J
M,V,2,Lehrer,N,7209,J,J
W,V,1,Buerokraft,N,6564,J,J
M,V,2,Lehrer,N,6257,J,J
M,V,2,Facharbeiter,N,4324,J,J
M,V,2,Manager,N,5211,J,J
M,L,1,Facharbeiter,N,5738,J,J
W,V,1,unbekannt,N,5590,J,J
W,V,2,angelernt,N,5484,J,J
M,V,1,Lehrer,N,3722,J,J
M,W,1,angelernt,N,3671,J,J
M,V,1,unbekannt,N,3256,J,J
W,V,1,Facharbeiter,N,3377,J,J
M,V,1,Facharbeiter,N,3633,J,J
W,V,2,Facharbeiter,N,3184,J,J
M,V,1,Facharbeiter,N,3619,J,J
W,V,1,ungelernt,N,2542,N,N
M,V,0,ungelernt,N,2286,J,N
M,V,1,angelernt,N,3469,N,N
W,V,0,unbekannt,N,2200,N,N
M,W,1,Facharbeiter,J,2056,J,N
M,V,1,angelernt,J,2635,J,N
M,V,0,unbekannt,N,2403,J,N
M,V,2,Facharbeiter,J,2493,J,N
W,W,0,Facharbeiter,N,2800,N,N
W,V,2,angelernt,N,2790,N,N
W,V,0,ungelernt,N,2611,N,N
M,V,0,unbekannt,N,2151,N,N
M,W,1,ungelernt,N,2077,J,N
W,V,1,Facharbeiter,N,2456,N,N
M,V,1,unbekannt,J,2829,N,N
W,V,2,unbekannt,J,2460,N,N
W,V,1,Buerokraft,N,4470,J,N
W,V,0,Manager,J,5908,N,N
W,V,1,Manager,N,3973,N,N
W,V,1,ungelernt,N,2403,N,N
M,V,0,unbekannt,J,2328,N,N
M,L,1,angelernt,J,2486,N,N
M,V,3,angelernt,N,2088,N,N
W,V,2,angelernt,N,2426,N,N
M,V,2,Facharbeiter,N,3532,J,N
M,V,1,unbekannt,N,5452,N,N
W,V,1,angelernt,N,3607,N,N
W,W,0,unbekannt,N,2567,J,N
M,L,1,angelernt,N,2719,N,N
W,V,0,unbekannt,N,2514,N,N
W,V,2,angelernt,N,2407,N,N
M,V,2,Facharbeiter,N,2778,J,N
M,V,1,Facharbeiter,N,2637,N,N
M,W,0,unbekannt,N,2298,N,N
W,W,1,Buerokraft,N,5916,J,N
M,V,2,Facharbeiter,N,5030,N,N
W,V,2,Facharbeiter,J,3663,N,N
M,V,1,Manager,N,3511,N,N
M,V,1,angelernt,J,2743,J,N
M,W,1,unbekannt,N,2971,N,N
M,V,1,Facharbeiter,N,2750,N,N
W,W,0,unbekannt,J,2381,N,N
W,W,1,Facharbeiter,N,2448,J,N
W,V,2,angelernt,N,2174,N,N
M,L,1,Facharbeiter,N,2312,J,N
M,V,0,angelernt,N,2979,J,N
W,L,0,unbekannt,J,3008,J,N
M,V,1,angelernt,N,2442,N,N
M,V,2,angelernt,N,2583,J,N
M,V,2,angelernt,N,2522,N,N
M,V,2,angelernt,N,2042,N,N
W,V,2,Facharbeiter,N,3224,N,N
M,V,1,Buerokraft,N,3800,J,N
M,V,1,Facharbeiter,N,3295,N,N
W,V,2,unbekannt,J,3226,J,N
M,V,0,Facharbeiter,N,3583,J,N
W,V,2,Buerokraft,N,3621,N,N
W,V,1,angelernt,J,3420,J,N
M,V,2,angelernt,N,3369,N,N
W,V,2,Facharbeiter,J,3453,J,N
W,V,2,Facharbeiter,N,3076,J,N
M,V,0,ungelernt,N,2457,J,N
M,L,1,Facharbeiter,N,2474,N,N
M,V,2,angelernt,N,2342,J,N
W,V,0,ungelernt,N,2062,J,N
M,W,1,Manager,J,8190,J,N
M,V,0,unbekannt,J,3505,J,N
W,V,0,unbekannt,J,2823,J,N
W,V,1,unbekannt,J,2961,J,N
W,W,1,unbekannt,N,2462,N,N
M,V,0,Facharbeiter,N,2842,J,N
W,V,3,unbekannt,N,2483,J,N
M,V,0,unbekannt,N,3262,J,N
M,V,2,angelernt,N,3267,N,N
W,W,2,unbekannt,N,2051,J,N
W,V,2,unbekannt,N,2965,J,N
M,V,0,angelernt,J,2226,J,N
M,V,0,unbekannt,N,2112,J,N
M,V,0,unbekannt,N,2612,J,N
W,V,1,Facharbeiter,J,2382,J,N
M,V,2,angelernt,N,2628,J,N
W,V,1,angelernt,J,2612,J,N
W,V,0,unbekannt,J,2546,J,N
W,L,1,Facharbeiter,N,2381,J,N
W,L,0,unbekannt,J,2870,J,N
M,V,2,Facharbeiter,N,2748,J,N
M,L,1,Facharbeiter,J,2184,J,N
W,V,0,Manager,N,8435,J,N
M,W,2,Facharbeiter,N,6675,J,N
M,V,2,Facharbeiter,J,3083,J,N
M,V,2,Manager,N,3945,N,N
M,V,2,angelernt,N,3430,N,N
M,W,1,angelernt,N,2464,J,N
M,W,1,unbekannt,N,2255,J,N
M,L,1,unbekannt,J,2751,J,N
W,V,0,unbekannt,N,2389,J,N
M,W,0,unbekannt,J,2536,J,N
M,V,1,unbekannt,J,2154,J,N
M,V,2,angelernt,J,2633,J,N
W,V,0,unbekannt,N,2060,J,N
M,L,0,unbekannt,J,2132,J,N
M,V,1,Facharbeiter,N,2634,J,N
W,W,1,angelernt,J,2745,J,N
M,V,0,unbekannt,N,2497,J,N
W,V,1,Facharbeiter,N,3541,J,N
W,V,1,Facharbeiter,N,3216,N,N
W,V,2,Facharbeiter,N,3474,J,N
M,V,1,angelernt,N,3461,N,N
M,L,1,unbekannt,N,3037,N,N
W,V,2,angelernt,N,3620,N,N
M,V,1,unbekannt,N,3326,N,N
M,V,1,Facharbeiter,J,3844,J,N
W,V,0,Facharbeiter,N,2949,J,N
M,V,2,Facharbeiter,J,2855,J,N
M,V,1,Facharbeiter,N,2758,N,N
W,L,1,Facharbeiter,N,2080,J,N
W,V,2,angelernt,N,2027,J,N
M,W,1,unbekannt,J,2221,J,N
M,L,0,unbekannt,N,2198,J,N
M,V,1,unbekannt,N,2186,J,N
W,V,1,Facharbeiter,N,3291,J,N
M,V,2,Manager,N,3688,J,N
W,V,1,Facharbeiter,N,3586,N,N
W,V,1,Manager,N,3139,J,N
W,V,1,angelernt,N,2609,N,N
M,W,1,unbekannt,J,2062,J,N
M,V,1,Facharbeiter,N,2261,J,N
W,W,0,unbekannt,N,2223,J,N
W,V,2,angelernt,J,3778,J,N
W,W,0,unbekannt,J,2525,J,N
W,W,1,unbekannt,N,2390,J,N
M,V,0,angelernt,J,2744,J,N
M,W,1,angelernt,J,2759,J,N
M,V,1,unbekannt,J,2838,J,N
M,V,2,unbekannt,J,2765,J,N
W,V,2,angelernt,J,2174,J,N
W,V,0,unbekannt,J,2538,J,N
M,V,1,unbekannt,N,2194,J,N
W,V,2,Facharbeiter,N,5795,J,N
W,V,1,Facharbeiter,N,5250,N,N
W,V,0,unbekannt,N,2676,J,N
M,V,1,Manager,J,2789,J,N
M,V,1,Manager,N,2034,J,N
M,V,1,unbekannt,J,2091,J,N
M,W,1,angelernt,N,2053,J,N
W,V,2,unbekannt,N,2503,J,N
W,L,0,unbekannt,N,2062,J,N
W,W,0,unbekannt,N,2953,J,N
W,L,0,unbekannt,N,2995,J,N
M,V,1,angelernt,N,2261,J,N
W,V,2,Facharbeiter,N,3052,J,N
W,V,2,Facharbeiter,N,2371,J,N
M,V,1,Manager,N,6630,J,N
W,V,2,Buerokraft,N,4791,N,N
W,V,2,Manager,N,4679,J,N
W,V,2,Manager,N,4333,J,N
W,W,1,Buerokraft,N,3674,J,N
M,V,2,Facharbeiter,N,3576,J,N
M,V,2,angelernt,N,2410,J,N
W,V,0,unbekannt,N,2404,J,N
M,L,3,angelernt,J,2352,J,N
W,L,1,unbekannt,J,2776,J,N
W,V,2,Facharbeiter,N,3325,J,N
W,V,2,angelernt,N,3019,J,N
M,V,3,Facharbeiter,N,2068,J,N
W,W,1,unbekannt,N,2053,J,N
M,W,1,Facharbeiter,N,2130,J,N
M,V,2,Facharbeiter,J,2215,J,N
M,V,1,unbekannt,J,2768,J,N
M,V,1,angelernt,J,2321,J,N
M,V,2,unbekannt,J,2255,J,N
W,V,1,unbekannt,N,2468,J,N
W,V,1,unbekannt,N,2190,J,N
W,V,2,unbekannt,J,2910,J,N
W,V,2,angelernt,J,2914,J,N
W,L,1,Manager,N,7262,J,N
W,W,1,unbekannt,N,2827,J,N
W,V,1,Facharbeiter,N,2514,J,N
M,W,1,angelernt,J,2887,J,N
W,V,1,Facharbeiter,J,2486,J,N
M,V,1,unbekannt,J,2725,J,N
W,V,2,unbekannt,J,2709,J,N
W,L,2,Facharbeiter,N,3603,J,N
M,W,1,Facharbeiter,N,2744,J,N
W,V,1,unbekannt,J,3125,J,N
M,V,2,Facharbeiter,N,3060,J,N
M,V,0,unbekannt,J,2651,J,N
M,W,1,Facharbeiter,N,2460,J,N
M,V,2,Lehrer,J,6038,J,N
W,V,1,unbekannt,N,8127,J,N
W,V,0,Buerokraft,J,4096,J,N
W,W,1,unbekannt,N,2469,J,N
W,V,2,angelernt,J,2179,J,N
M,V,1,unbekannt,J,2579,J,N
M,W,1,angelernt,N,2399,J,N
W,V,1,unbekannt,J,2507,J,N
M,V,1,angelernt,N,2797,J,N
M,W,1,Manager,J,3175,J,N
M,L,1,Manager,N,3658,J,N
W,V,3,angelernt,N,2356,J,N
W,V,2,angelernt,N,2829,J,N
M,V,0,ungelernt,N,3384,J,N
M,W,1,angelernt,N,2572,J,N
M,V,1,Facharbeiter,N,3119,J,N
W,L,1,Facharbeiter,N,2771,J,N
M,V,2,Manager,N,7609,J,N
M,V,1,Manager,N,4922,J,N
W,V,1,unbekannt,N,2847,J,N
M,V,2,Facharbeiter,N,2860,J,N
W,V,2,Buerokraft,N,2535,J,N
W,L,1,Manager,N,7013,J,N
W,V,1,unbekannt,N,8270,J,N
W,V,2,Lehrer,N,6272,J,N
W,V,1,angelernt,N,4704,J,N
M,V,2,Lehrer,N,6157,J,N
W,L,1,Facharbeiter,J,2357,J,J
M,V,2,Lehrer,N,6667,J,J
W,V,2,Lehrer,N,2535,J,J
M,V,2,Manager,N,5056,J,J
W,V,2,Lehrer,N,7575,J,J
W,L,1,Manager,N,8847,J,J
M,V,1,Lehrer,N,3460,J,J
W,V,1,Lehrer,N,8710,J,J
M,V,2,Lehrer,N,6268,J,J
W,V,2,Lehrer,N,6993,J,J
W,V,2,Lehrer,N,7004,J,J
W,V,1,Lehrer,N,6494,J,J
M,L,3,Facharbeiter,N,2201,J,J
M,V,2,Lehrer,N,7355,J,J
M,V,2,Lehrer,N,6282,J,J
M,W,1,Lehrer,N,5470,J,J
M,V,1,Manager,N,6917,J,J
M,V,1,Facharbeiter,J,6076,J,J
M,L,1,Manager,N,8834,J,J
W,V,3,Manager,J,7566,J,J
M,V,2,Facharbeiter,N,4054,J,J
W,V,1,Facharbeiter,N,3112,J,J
W,V,2,Lehrer,N,4499,J,J
W,V,0,unbekannt,N,5459,J,J
M,V,2,Facharbeiter,N,3342,J,J
W,V,1,unbekannt,N,7109,J,J
W,W,1,Lehrer,N,3314,J,J
W,V,3,Lehrer,N,7701,J,J
W,V,1,Lehrer,N,4211,J,J
M,V,2,Facharbeiter,N,5301,J,J
M,V,1,Lehrer,N,4454,J,J
W,V,1,Lehrer,N,7736,J,J
W,V,1,Manager,N,8866,J,J
M,V,1,Manager,N,7437,J,J
W,V,2,Lehrer,N,8268,J,J
M,V,1,Manager,N,4146,J,J
M,V,1,Lehrer,N,7010,J,J
M,V,1,Buerokraft,N,7985,J,J
M,V,1,Lehrer,N,7521,J,J
M,V,2,Lehrer,N,5640,J,J
W,V,1,Facharbeiter,N,3098,J,J
M,V,2,Lehrer,N,5569,J,J
M,V,2,Lehrer,N,7601,J,J
W,L,2,Lehrer,N,3167,J,J
M,V,3,Lehrer,N,3777,J,J
M,V,1,unbekannt,N,4420,J,J
W,L,1,Facharbeiter,N,3045,J,J
M,V,2,Lehrer,N,8783,J,J
M,V,1,Lehrer,J,5850,J,J
W,V,1,Manager,N,8126,J,J
M,V,1,Facharbeiter,N,7093,J,J
M,V,1,Lehrer,N,7102,J,J
W,V,2,Lehrer,N,6174,J,J
W,V,1,Buerokraft,N,8987,J,J
W,V,2,Lehrer,N,6447,J,J
W,V,2,Lehrer,N,8141,J,J
W,V,1,Facharbeiter,N,7559,J,J
W,V,1,Manager,N,6786,J,J
M,L,1,Lehrer,N,5192,J,J
W,V,2,Lehrer,N,5463,J,J
M,V,2,Lehrer,N,3992,J,J
M,V,1,Lehrer,J,5868,J,J
M,V,2,Manager,N,5979,J,J
W,V,1,angelernt,N,2807,J,J
M,V,1,Manager,N,6294,J,J
M,V,2,Lehrer,N,5769,J,J
M,V,2,Lehrer,N,6787,J,J
W,V,1,Facharbeiter,N,7449,J,J
M,V,2,Manager,N,6910,J,J
W,W,1,Facharbeiter,N,3374,J,J
M,V,2,angelernt,N,2359,J,J
M,V,2,Facharbeiter,N,3118,J,J
W,V,2,Buerokraft,N,3422,J,J
M,V,2,unbekannt,N,7353,J,J
W,V,2,Lehrer,N,3187,J,J
W,W,0,unbekannt,J,6627,J,J
W,V,2,Lehrer,N,7213,J,J
W,V,2,Lehrer,N,6118,J,J
M,V,0,unbekannt,N,6015,J,J
M,V,2,Manager,N,8092,J,J
W,V,1,Lehrer,N,7649,J,J
W,V,1,Lehrer,J,7479,J,J
M,V,2,Lehrer,N,5205,J,J
M,V,2,Facharbeiter,N,4052,J,J
M,L,1,Manager,N,5371,J,J
W,V,1,unbekannt,N,3999,J,J
M,L,1,Facharbeiter,N,3444,J,J
W,V,1,unbekannt,N,2292,J,J
M,V,2,Facharbeiter,N,6097,J,J
W,V,2,Manager,N,7207,J,J
W,V,2,Facharbeiter,N,3321,J,J
W,V,1,Buerokraft,N,6364,J,J
M,V,1,Lehrer,N,8307,J,J
W,V,1,Manager,N,8066,J,J
M,V,2,Lehrer,N,7972,J,J
W,V,2,Facharbeiter,N,7876,J,J
M,V,1,Manager,N,5792,J,J
M,V,1,Manager,N,7563,J,J
M,V,2,Lehrer,N,8396,J,J
M,V,1,Lehrer,N,6638,J,J
M,V,2,Lehrer,N,4459,J,J
M,V,0,Facharbeiter,N,3756,J,J
M,W,0,angelernt,J,2025,J,J
W,V,1,Lehrer,N,7644,J,J
M,V,2,Lehrer,N,7192,J,J
M,V,2,Lehrer,N,6766,J,J
W,V,2,Lehrer,N,5620,J,J
M,V,2,Facharbeiter,N,8307,J,J
M,L,1,Lehrer,N,8492,J,J
W,L,1,Facharbeiter,N,5747,J,J
W,V,2,Facharbeiter,N,4031,J,J
M,V,2,Lehrer,N,7719,J,J
M,V,1,Lehrer,J,7271,J,J
W,V,1,unbekannt,N,7618,J,J
M,V,2,Lehrer,N,6631,J,J
W,V,1,Lehrer,N,8705,J,J
W,L,1,unbekannt,N,8019,J,J
W,V,1,Lehrer,N,7499,J,J
M,V,1,Manager,N,6712,J,J
W,V,2,Lehrer,N,6507,J,J
M,V,2,Facharbeiter,N,6516,J,J
W,V,1,Lehrer,N,5129,J,J
W,V,3,Lehrer,N,5422,J,J
W,V,2,Facharbeiter,N,3167,J,J
W,V,2,Facharbeiter,N,4008,J,J
W,V,2,Manager,N,3337,J,J
W,V,1,Lehrer,N,3532,J,J
M,V,1,Facharbeiter,N,3565,J,J
M,V,2,angelernt,N,3818,J,J
W,V,1,Lehrer,N,3095,J,J
W,V,1,Facharbeiter,N,2016,J,J
M,V,2,Lehrer,N,2129,J,J
M,W,1,unbekannt,N,2306,J,J
W,L,1,Facharbeiter,N,3007,J,J
M,V,2,Lehrer,N,3660,J,J
W,V,1,Lehrer,N,8701,J,J
M,V,2,Lehrer,N,4340,J,J
W,V,2,Lehrer,N,5893,J,J
W,V,1,Facharbeiter,N,7335,J,J
M,V,2,Lehrer,N,6771,J,J
W,V,1,Manager,N,6109,J,J
M,V,1,Manager,N,7660,J,J
W,V,2,Facharbeiter,N,6758,J,J
M,V,2,Manager,N,6933,J,J
W,V,2,Facharbeiter,N,7087,J,J
M,V,1,Facharbeiter,N,7216,J,J
M,V,3,unbekannt,N,6692,J,J
M,V,2,Lehrer,N,7233,J,J
W,V,2,Facharbeiter,J,4301,J,J
M,V,1,Lehrer,N,3710,J,J
W,V,1,Lehrer,N,3485,J,J
M,V,1,Lehrer,N,3087,J,J
W,V,2,Lehrer,N,3529,J,J
W,V,1,unbekannt,N,3114,J,J
M,V,0,unbekannt,N,2896,J,J
M,V,2,angelernt,N,2532,J,J
M,L,2,Lehrer,N,8479,J,J
M,V,1,Lehrer,N,5587,J,J
M,V,2,Lehrer,N,5544,J,J
W,V,2,angelernt,N,3259,J,J
W,L,1,Facharbeiter,N,3418,J,J
W,V,1,Facharbeiter,N,6725,J,J
W,V,1,unbekannt,N,5669,J,J
M,V,1,unbekannt,N,5670,J,J
M,V,2,unbekannt,N,3548,J,J
M,V,1,Lehrer,N,8432,J,J
W,L,1,unbekannt,N,3868,J,J
W,V,2,Lehrer,N,3244,J,J
M,V,2,Manager,N,3521,J,J
M,V,2,Lehrer,N,7655,J,J
M,V,2,Lehrer,J,8236,J,J
W,V,1,Lehrer,N,8860,J,J
W,V,1,Lehrer,N,7586,J,J
W,V,1,Manager,N,6297,J,J
M,V,2,Lehrer,N,7194,J,J
W,V,1,Buerokraft,N,6549,J,J
M,V,2,Lehrer,N,6242,J,J
M,V,2,Facharbeiter,N,4309,J,J
M,V,2,Manager,N,5196,J,J
M,L,1,Facharbeiter,N,5723,J,J
W,V,1,unbekannt,N,5575,J,J
W,V,2,angelernt,N,5509,J,J
M,V,1,Lehrer,N,3707,J,J
M,W,1,angelernt,N,3696,J,J
M,V,1,unbekannt,N,3241,J,J
W,V,1,Facharbeiter,N,3362,J,J
M,V,1,Facharbeiter,N,3618,J,J
W,V,2,Facharbeiter,N,3169,J,J
M,V,1,Facharbeiter,N,3604,J,J